sessionId,edge_feature
181,0.772328347
181,0.841002805
181,0.832864722
181,0.836289338
181,0.802384218
181,0.764056429
181,0.72192594
181,0.773728939
181,0.769950796
181,0.771453658
181,0.767152431
181,0.76788129
181,0.720432412
181,0.740233745
181,0.747938877
181,0.721184766
181,0.726649381
181,0.732099953
181,0.812608066
181,0.875840293
181,0.737123178
181,0.810845249
181,0.848350133
181,0.817808711
182,0.802137105
182,0.811230188
182,0.72987882
182,0.74337542
182,0.819734576
182,0.72655013
182,0.721228492
182,0.82336234
182,0.733332306
182,0.756563738
182,0.752788222
182,0.782900628
182,0.742453926
182,0.833711275
182,0.808164028
182,0.832638269
182,0.805055959
182,0.753101367
182,0.757727051
182,0.795586927
182,0.783944828
182,0.824844086
182,0.754865271
182,0.868984561
182,0.818086346
182,0.792444732
182,0.799266187
182,0.721204034
182,0.85184862
182,0.860013458
182,0.860372726
182,0.896257402
182,0.803300036
183,0.854198059
183,0.815020595
183,0.891198558
183,0.870735958
183,0.776328445
183,0.795872057
183,0.898383548
183,0.790872423
183,0.721657124
183,0.80608596
183,0.723143713
183,0.738208979
183,0.741137919
183,0.722387658
183,0.819099345
183,0.734837258
183,0.732609068
183,0.830175781
183,0.818634434
183,0.797770736
183,0.863443737
183,0.733874814
183,0.72103359
183,0.732084177
183,0.869526694
183,0.908336514
183,0.777924063
184,0.872184026
184,0.79099846
184,0.752063782
184,0.731734879
184,0.766528906
184,0.789847166
184,0.87029513
184,0.755417425
184,0.729384334
184,0.730077673
184,0.743890196
184,0.740814179
184,0.746403083
184,0.720630437
184,0.760053818
184,0.78791819
184,0.787657022
184,0.78196929
184,0.75646471
184,0.725728277
184,0.805593651
184,0.773745634
184,0.88290306
184,0.822557919
184,0.829325792
184,0.783896234
184,0.757911922
184,0.75597739
184,0.774940895
184,0.726644109
184,0.897623051
184,0.738226576
184,0.7798534
184,0.77560233
184,0.765735908
184,0.85536361
184,0.900401602
184,0.773086514
184,0.785465623
184,0.784571763
184,0.725502575
184,0.737557459
184,0.796582855
184,0.779453409
184,0.940273537
184,0.895409453
184,0.818889162
185,0.832432808
185,0.733838396
185,0.774372742
185,0.896787788
185,0.818398655
185,0.738892091
185,0.744334355
185,0.792760983
185,0.74397501
185,0.844293099
185,0.742993216
186,0.931614009
186,0.819404689
186,0.850635485
186,0.738834249
186,0.791716792
186,0.722186495
186,0.843550408
186,0.784358417
186,0.746959644
186,0.778782585
186,0.819264202
186,0.793521308
186,0.730217029
186,0.844498246
186,0.797429477
186,0.840207247
186,0.788967702
186,0.903122179
186,0.757113447
186,0.887891942
186,0.854678749
186,0.817931258
186,0.829782546
186,0.75322621
186,0.763965645
186,0.733844894
186,0.924138675
186,0.825045941
186,0.860061754
186,0.852302521
187,0.918852401
187,0.930367951
187,0.903030777
187,0.846493665
187,0.864234573
187,0.922333862
187,0.754385464
187,0.823093136
187,0.794422536
187,0.728410027
187,0.776032946
187,0.849970072
187,0.776731262
187,0.844029466
187,0.775252874
187,0.772599758
187,0.736451416
187,0.812224447
187,0.755295593
187,0.824229451
187,0.817521355
187,0.846466674
187,0.780431197
187,0.743649472
187,0.781698919
187,0.735809114
187,0.787638418
187,0.721366224
187,0.752648584
187,0.838194286
187,0.722328
187,0.841023447
187,0.82950148
187,0.810737929
187,0.804110516
187,0.80951912
187,0.853017227
187,0.79567881
187,0.858468143
187,0.821406981
187,0.86734659
187,0.767308101
187,0.88421742
187,0.753168751
187,0.801739393
187,0.938536247
187,0.904906896
187,0.904028864
187,0.844700525
187,0.795309671
187,0.802911718
187,0.888126683
187,0.780771055
187,0.818954927
187,0.802202735
187,0.848122387
187,0.767067851
187,0.759574058
187,0.744714641
187,0.861190999
187,0.746121006
187,0.816234486
187,0.804538197
187,0.867383584
187,0.812833347
187,0.732175534
187,0.720157406
187,0.72791749
187,0.792473932
187,0.797461853
187,0.846595072
187,0.884088772
187,0.889717038
187,0.920823889
187,0.87156793
187,0.773151725
187,0.754398029
187,0.760581984
187,0.780969188
187,0.809376511
187,0.903114236
187,0.836190074
187,0.926361571
187,0.837392248
187,0.840285316
187,0.885224525
187,0.832588626
187,0.736453704
187,0.746531052
187,0.724810519
187,0.829208659
187,0.795702081
187,0.940723135
187,0.928871647
187,0.920673741
188,0.873548814
188,0.831446499
188,0.749608758
188,0.744945433
188,0.740076527
188,0.831737727
188,0.737274117
188,0.847809539
188,0.836546403
188,0.797704328
188,0.777570582
188,0.725515901
188,0.791310447
188,0.732739078
188,0.726951533
188,0.835603154
188,0.759277383
188,0.742956022
188,0.77800977
188,0.796968515
188,0.780635278
188,0.745109159
188,0.738414285
188,0.814738702
188,0.768318705
188,0.779898951
188,0.780893281
188,0.7552111
188,0.722335956
188,0.834920659
188,0.824208596
188,0.8388386
188,0.809311108
188,0.815625222
188,0.852621007
188,0.779392324
188,0.755537027
188,0.834421818
188,0.760781316
188,0.730118652
188,0.831493248
188,0.74023547
188,0.772374218
188,0.767734636
188,0.742221772
188,0.758908757
188,0.781301288
188,0.741568202
188,0.761198308
188,0.833778555
188,0.839219621
188,0.776952144
188,0.749105281
188,0.727856059
188,0.886921667
188,0.801854378
188,0.89873654
188,0.727471719
188,0.821062412
188,0.875043945
188,0.816518659
189,0.880487957
189,0.901540183
189,0.788930335
189,0.840889641
189,0.845289439
189,0.817767714
189,0.777312503
189,0.849951143
189,0.781454425
189,0.797796313
189,0.753622413
189,0.746760548
189,0.848709659
189,0.725207317
189,0.733028729
189,0.732328452
189,0.75779536
189,0.795982035
189,0.75873266
189,0.768337696
189,0.789167662
189,0.787903749
189,0.753197801
189,0.73606274
189,0.721631792
189,0.740451075
189,0.797049162
189,0.816055886
189,0.740495744
189,0.814827516
189,0.732085445
189,0.767590937
189,0.837441611
189,0.856072579
189,0.838562283
189,0.806224962
189,0.830963042
189,0.730107128
189,0.76876333
189,0.827565706
189,0.763321957
189,0.741998317
189,0.726166435
189,0.789098607
189,0.738288292
189,0.730076059
189,0.814700296
189,0.897721995
189,0.75341179
189,0.740073771
189,0.7655049
189,0.777657602
189,0.781407406
189,0.76988881
189,0.821364485
189,0.885507689
189,0.849049014
190,0.855450904
190,0.863703157
190,0.785395453
190,0.803196768
190,0.78486072
190,0.83511937
190,0.757061633
190,0.744925263
190,0.735440028
190,0.762299441
190,0.785464839
190,0.824511625
190,0.723450999
190,0.825596757
190,0.779609632
190,0.751893418
190,0.748023233
190,0.868331596
190,0.88928704
190,0.743831379
190,0.808935031
190,0.817253295
190,0.738010869
190,0.76333284
190,0.782667674
190,0.747621193
190,0.822352577
190,0.733620574
190,0.730719229
190,0.818924783
190,0.821882391
190,0.791485655
190,0.738122982
190,0.848798658
190,0.832618344
190,0.742514125
190,0.813530295
190,0.877907636
190,0.818062228
191,0.725424802
191,0.757716833
191,0.810579286
191,0.744768531
191,0.746390236
191,0.869334842
191,0.811424226
191,0.752021321
191,0.720395298
191,0.781546919
191,0.782333847
191,0.800940974
191,0.77268105
191,0.846048247
192,0.900668398
192,0.916087842
192,0.899557653
192,0.75621534
192,0.874699959
192,0.84075486
192,0.739278688
192,0.805110248
192,0.823848721
192,0.852242003
192,0.765814406
192,0.752058355
192,0.787211798
192,0.722189196
192,0.773718885
192,0.75243502
192,0.797352863
192,0.811562459
192,0.730191062
192,0.72511143
192,0.826836391
192,0.725738373
192,0.800123241
192,0.755780183
192,0.76003022
192,0.728244663
192,0.888385282
192,0.772091885
192,0.835108624
192,0.922429696
192,0.772251822
193,0.865217518
193,0.86499537
193,0.735639613
193,0.7973276
193,0.899147704
193,0.732534667
193,0.786092861
193,0.888326399
193,0.735143153
193,0.781854866
193,0.794060651
193,0.772444667
193,0.77050327
193,0.738189381
193,0.80373331
193,0.749584964
193,0.777804183
193,0.851699101
193,0.831032769
193,0.74943709
193,0.899550064
193,0.874084371
193,0.839430005
193,0.833387873
193,0.746739709
193,0.773690857
193,0.763243009
193,0.763403815
193,0.88798533
193,0.830490939
193,0.812889579
193,0.797305343
193,0.76895639
193,0.769542051
193,0.779424784
193,0.774426383
193,0.932671454
193,0.927606838
193,0.778441407
193,0.790835932
193,0.773321106
193,0.781943162
193,0.743297282
193,0.815115864
193,0.856729728
193,0.819884447
193,0.824305709
193,0.79631417
193,0.808358058
193,0.737275044
193,0.750609607
193,0.829866399
193,0.84543855
193,0.963224058
193,0.824016332
193,0.826754945
193,0.799828397
193,0.795070216
193,0.850325539
193,0.893938689
193,0.949759873
193,0.951151349
193,0.931180859
194,0.89932507
194,0.813277442
194,0.852035246
194,0.77310749
194,0.917171519
194,0.767954038
194,0.754312146
194,0.759158856
194,0.871382188
194,0.850577255
194,0.851772245
194,0.78375732
194,0.860128041
194,0.788650405
194,0.796721581
194,0.824708748
194,0.733710738
194,0.766649099
194,0.769268672
194,0.839032519
194,0.741004382
194,0.804340565
194,0.762886056
194,0.801777886
194,0.900322281
194,0.912692556
194,0.902676964
194,0.794659714
195,0.822869093
195,0.736113372
195,0.748649049
195,0.745650007
195,0.783268245
195,0.727196922
195,0.755720249
195,0.786640819
195,0.885385539
195,0.732086761
195,0.893712311
195,0.840969061
195,0.726665902
196,0.827968401
196,0.888489184
196,0.752350362
196,0.800971507
196,0.72811839
196,0.828805194
196,0.77310101
196,0.84106949
196,0.73207006
196,0.724594584
196,0.777848817
196,0.730182895
196,0.756153995
196,0.771423002
196,0.802180523
196,0.735629215
196,0.767117524
196,0.747967819
196,0.78144589
196,0.745681281
196,0.812174156
196,0.924131313
196,0.74536385
196,0.721062978
196,0.764236637
196,0.8982626
196,0.901516854
196,0.815029141
197,0.922983923
197,0.791901749
197,0.723374547
197,0.818557276
197,0.758174879
197,0.811900268
197,0.784922255
197,0.769453239
197,0.834299817
197,0.852064349
197,0.734654132
197,0.774083665
197,0.781756613
197,0.736663494
197,0.757114205
197,0.733177962
197,0.77160674
197,0.733658512
197,0.778456592
197,0.747576336
197,0.866711244
197,0.829030862
197,0.791815283
197,0.784147578
197,0.771505135
197,0.72116321
197,0.784711047
197,0.828768808
197,0.788965842
197,0.785690337
197,0.775043824
197,0.794636815
197,0.992701029
197,0.810438082
197,0.739780653
197,0.751217438
197,0.780217807
197,0.741931865
197,0.858442332
197,0.851627694
197,0.872892556
197,0.828329346
197,0.79056628
197,0.784513801
197,0.772705245
197,0.786556167
197,0.995956223
197,0.995276833
197,0.861212831
198,0.87649218
198,0.817010762
198,0.805104075
198,0.73674743
198,0.817639084
198,0.856413139
198,0.836777725
198,0.851540969
198,0.792989596
198,0.797405548
198,0.783293338
198,0.778139706
198,0.785846253
198,0.773491962
198,0.843994856
198,0.738546226
198,0.766285809
198,0.752369504
198,0.735571797
198,0.797106404
198,0.780904364
198,0.760608863
198,0.721867434
198,0.775619457
198,0.808441988
198,0.739022908
198,0.736597039
198,0.778186093
198,0.790091915
198,0.751014043
198,0.745152357
198,0.758254709
198,0.735049144
198,0.802493781
198,0.837362314
198,0.801964063
198,0.840546143
198,0.736181138
198,0.83665826
198,0.721193369
198,0.78953589
198,0.892976216
198,0.875700656
198,0.863750547
198,0.842171141
198,0.824779318
198,0.746653788
198,0.750853325
198,0.740111906
198,0.809358774
198,0.855353141
198,0.847643995
198,0.833722765
198,0.824377386
198,0.75748935
198,0.743875826
198,0.813738643
198,0.990558995
198,0.748347123
198,0.762114732
198,0.773740546
198,0.805766247
198,0.801605951
198,0.738993242
198,0.839753171
198,0.843801123
198,0.867194935
198,0.86596856
198,0.853222483
198,0.837494437
198,0.822509327
198,0.753347833
198,0.745421478
198,0.725447844
198,0.810428048
198,0.995806565
198,0.995300914
198,0.854526086
199,0.822484125
199,0.833434484
199,0.739505369
199,0.734746256
199,0.807490139
199,0.864975876
199,0.755431492
199,0.831437136
199,0.860888115
199,0.73889013
199,0.722555013
199,0.743182405
199,0.764525778
199,0.817330036
199,0.81309516
199,0.819707557
199,0.749540178
199,0.794636217
199,0.883818575
199,0.720069582
199,0.87165
199,0.853094016
200,0.741602853
200,0.823164327
200,0.822551378
200,0.751556894
200,0.760829955
200,0.731102545
200,0.764967164
200,0.770253111
200,0.790527392
200,0.869737016
200,0.726555084
200,0.869297368
200,0.769322337
200,0.829040406
200,0.761169921
200,0.890262538
200,0.905812545
200,0.753395385
201,0.766166503
201,0.867349138
201,0.971674688
201,0.833969682
201,0.855317024
201,0.820858958
201,0.758971323
201,0.726446526
201,0.729687697
201,0.747612792
201,0.742076518
201,0.724564221
201,0.848794525
201,0.874226761
202,0.767052237
202,0.838543215
202,0.755566147
202,0.758414219
202,0.774220891
202,0.77672878
202,0.744659577
202,0.876655131
202,0.873995184
202,0.805882838
202,0.783320898
202,0.767554114
202,0.773392228
202,0.788595111
202,0.731421357
202,0.794970111
202,0.810290032
202,0.772465295
202,0.761542561
202,0.894460938
202,0.89542669
203,0.770492963
203,0.74105544
203,0.78174483
203,0.82680028
203,0.736901446
203,0.763903302
203,0.755085331
203,0.742935858
203,0.761601644
203,0.809705727
203,0.822350532
203,0.830062494
203,0.90196226
204,0.81101792
204,0.883150328
204,0.877209677
204,0.818846088
204,0.902669152
204,0.890011272
204,0.758888053
204,0.814494585
204,0.828274438
204,0.76415354
204,0.802698909
204,0.769045431
204,0.72063323
204,0.782302649
204,0.797164696
204,0.741267734
204,0.860183241
204,0.722761682
204,0.730112178
204,0.847873513
204,0.762101608
204,0.850473871
204,0.90241107
204,0.748501307
204,0.857362854
204,0.905881446
204,0.721472794
204,0.826722725
204,0.773541318
204,0.80099118
204,0.756849156
204,0.755659805
204,0.779802229
204,0.753140871
204,0.796921584
204,0.772284311
204,0.84176653
204,0.726592615
204,0.762699286
204,0.819289635
204,0.891476763
204,0.863406142
204,0.749110187
204,0.898577354
204,0.912697086
204,0.770819038
205,0.732985586
205,0.782114791
205,0.787781387
205,0.75271878
205,0.726529326
205,0.737593211
205,0.750373708
205,0.736213933
205,0.730422748
205,0.783146529
205,0.769555448
205,0.754200562
205,0.775047412
205,0.762460479
205,0.761823137
205,0.872126914
205,0.744321562
205,0.834063083
205,0.748058299
205,0.725622588
205,0.777794127
205,0.791824684
205,0.775644345
205,0.766742074
205,0.739647882
205,0.878498936
205,0.897382865
205,0.828702968
205,0.867535181
205,0.876655436
205,0.787234876
206,0.726599326
206,0.753960253
206,0.74856564
206,0.75098603
206,0.725539327
206,0.73987154
206,0.728002784
206,0.766063221
206,0.762585728
206,0.771493244
206,0.725897164
206,0.741856547
206,0.781232636
206,0.872177946
206,0.768645013
206,0.722749378
206,0.778818216
206,0.861453191
206,0.776626568
206,0.738323023
206,0.800618671
206,0.790411509
206,0.813490168
206,0.76424973
206,0.738558382
206,0.856349281
206,0.723164558
206,0.907226705
206,0.866396207
206,0.766597455
206,0.726378193
206,0.867264796
206,0.877702809
206,0.812173008
207,0.8340924
207,0.774455449
207,0.889731633
207,0.83688895
207,0.73263207
207,0.800985974
207,0.805146742
207,0.729780464
207,0.783060793
207,0.757746451
207,0.727419305
207,0.761390085
207,0.742284076
207,0.832671022
207,0.753499419
207,0.720552844
207,0.797695473
207,0.852197908
207,0.728396687
207,0.815267352
207,0.845977397
207,0.832987992
207,0.722884438
207,0.828869765
207,0.785024828
207,0.904151499
207,0.805921077
207,0.859529853
207,0.904948535
207,0.763282384
207,0.720188355
207,0.824656799
207,0.735654973
207,0.801386147
207,0.891712892
207,0.849871351
207,0.781223887
208,0.929876569
208,0.837531834
208,0.85993925
208,0.792472225
208,0.905198647
208,0.845928664
208,0.728820833
208,0.728335101
208,0.85581893
208,0.779013103
208,0.824131989
208,0.802147872
208,0.894247679
208,0.728703173
208,0.739922465
208,0.730089337
208,0.729403554
208,0.759158042
208,0.743686774
208,0.778003348
208,0.740475085
208,0.736099059
208,0.932122001
208,0.87984815
208,0.776448726
208,0.758529729
208,0.819302412
208,0.809732584
208,0.730231239
208,0.766531358
208,0.785129034
208,0.798349053
208,0.74780086
208,0.747749441
208,0.756128447
208,0.805898896
208,0.750937697
208,0.877906698
208,0.843332892
208,0.779061237
208,0.749295816
208,0.793195046
208,0.74443522
208,0.737340343
208,0.881698318
208,0.804945707
208,0.814292872
208,0.865439154
208,0.813645685
208,0.809552175
208,0.739661752
208,0.808725154
208,0.93241244
208,0.925647921
208,0.834617166
208,0.814133555
208,0.820309434
208,0.801121459
208,0.729784969
208,0.798346728
208,0.845623407
208,0.725915658
208,0.938180439
208,0.831371774
208,0.731111879
208,0.803426266
208,0.789632694
208,0.789236797
208,0.724872389
208,0.872205742
208,0.815862219
208,0.721664963
208,0.796915088
208,0.79065546
208,0.791109688
208,0.734045938
208,0.894803653
208,0.78354575
208,0.954883707
208,0.871548957
208,0.90860253
208,0.838258206
208,0.827407168
208,0.755349449
208,0.751482174
208,0.721428924
208,0.770536213
208,0.858887299
208,0.882435739
208,0.954482752
208,0.914733422
208,0.874186624
209,0.780500282
209,0.807657106
209,0.894754446
209,0.750930463
209,0.84097681
209,0.78285948
209,0.794103497
209,0.735877046
209,0.743903275
209,0.730873122
209,0.745499731
209,0.73995288
209,0.728404068
209,0.805278635
209,0.773635526
209,0.729477691
209,0.815552978
209,0.817785925
209,0.906011115
209,0.726814599
209,0.880866511
209,0.817985677
210,0.851023069
210,0.811292923
210,0.907561617
210,0.802714713
210,0.936187513
210,0.892271111
210,0.781775345
210,0.854745301
210,0.84658061
210,0.804651395
210,0.867180911
210,0.851061216
210,0.765557125
210,0.787269811
210,0.901744448
210,0.799143097
210,0.82815104
210,0.862703587
210,0.755282926
210,0.800401553
210,0.828583766
210,0.945681104
210,0.783089993
210,0.80176058
210,0.721617946
210,0.778142723
210,0.730809944
210,0.905390202
210,0.734141162
210,0.799062815
210,0.786505467
210,0.956961396
210,0.807962397
210,0.947180839
210,0.737651397
210,0.818459685
210,0.721196256
210,0.747617749
210,0.794232401
210,0.944505673
210,0.733847971
210,0.920413442
210,0.764013005
210,0.779840437
210,0.873345324
210,0.797251385
210,0.755186624
210,0.853240702
210,0.783404249
210,0.818450933
210,0.825717738
210,0.861923628
210,0.84049384
210,0.766890932
210,0.880532099
210,0.782147359
210,0.899135424
210,0.72458712
210,0.753728186
210,0.866127203
210,0.850585101
210,0.725778227
210,0.775487939
210,0.890787863
210,0.774052954
210,0.951654075
210,0.729047713
210,0.766818214
210,0.805455688
210,0.861431949
210,0.946111539
210,0.928321703
211,0.834276858
211,0.72316046
211,0.788680797
211,0.75217493
211,0.721700471
211,0.720456443
211,0.722235755
211,0.767969487
211,0.738452072
211,0.761857619
211,0.749738643
211,0.812528347
211,0.917605858
211,0.836235473
211,0.722318783
212,0.799304799
212,0.746670212
212,0.759911284
212,0.797029794
212,0.749906017
212,0.818939002
212,0.857087556
212,0.728119968
212,0.736325909
212,0.743965367
212,0.789320297
212,0.774487765
212,0.825584359
212,0.734683443
212,0.740873541
212,0.771987025
212,0.755705396
212,0.810697199
212,0.786604703
212,0.746362659
212,0.765367092
212,0.883738392
212,0.725204848
212,0.854775419
212,0.930384764
212,0.877850928
212,0.788427701
213,0.724674321
213,0.731494753
213,0.734246318
213,0.756195636
213,0.720806418
213,0.737554551
213,0.735862919
213,0.803085787
213,0.743373213
213,0.784873147
213,0.74091083
213,0.821210189
213,0.73156252
213,0.831961611
213,0.773429808
214,0.873428115
214,0.837552515
214,0.746212583
214,0.84500007
214,0.829579729
214,0.904598771
214,0.769188129
214,0.741980815
214,0.740617922
214,0.730844272
214,0.768087301
214,0.752151842
214,0.730102029
214,0.742465061
214,0.749358652
214,0.789607807
214,0.768272109
214,0.739051138
214,0.755677322
214,0.736288774
214,0.760365362
214,0.767177506
214,0.867798909
214,0.764584494
214,0.733646392
214,0.807950311
214,0.788415867
214,0.754205573
214,0.805552476
214,0.801838026
214,0.729567218
214,0.753288182
214,0.786272996
214,0.751769637
214,0.759960294
214,0.723919888
214,0.819422015
214,0.874448604
214,0.786346941
214,0.770751615
214,0.742212054
214,0.81803579
214,0.889441091
214,0.804056289
215,0.762838227
215,0.76697702
215,0.787625044
215,0.775989785
215,0.742694796
215,0.801575014
215,0.742368275
215,0.770057638
215,0.741711904
215,0.723317329
215,0.758809072
215,0.73197092
215,0.768705562
215,0.76763452
215,0.786029886
215,0.818741578
215,0.90862269
215,0.884070323
215,0.90060497
215,0.814032498
216,0.832388169
216,0.842740848
216,0.761371391
216,0.829460828
216,0.720633427
216,0.722352484
216,0.863260035
216,0.849195592
216,0.916456049
216,0.757488281
216,0.776308322
216,0.839137556
216,0.776762058
216,0.753713178
216,0.792720068
216,0.817133253
216,0.832387433
216,0.814345629
216,0.883358483
216,0.739596587
216,0.916449354
216,0.750439392
216,0.768490775
216,0.880639242
216,0.917555691
216,0.863013773
217,0.772328347
217,0.841002805
217,0.832864722
217,0.836289338
217,0.802384218
217,0.764056429
217,0.773728939
217,0.769950796
217,0.771453658
217,0.767152431
217,0.76788129
217,0.740233745
217,0.747938877
217,0.732099953
217,0.812608066
217,0.875840293
217,0.737123178
217,0.810845249
217,0.848350133
217,0.817808711
218,0.802137105
218,0.811230188
218,0.74337542
218,0.819734576
218,0.82336234
218,0.733332306
218,0.756563738
218,0.752788222
218,0.782900628
218,0.742453926
218,0.833711275
218,0.808164028
218,0.832638269
218,0.805055959
218,0.753101367
218,0.757727051
218,0.795586927
218,0.783944828
218,0.824844086
218,0.754865271
218,0.868984561
218,0.818086346
218,0.792444732
218,0.799266187
218,0.85184862
218,0.860013458
218,0.860372726
218,0.896257402
218,0.803300036
219,0.854198059
219,0.815020595
219,0.891198558
219,0.870735958
219,0.776328445
219,0.795872057
219,0.898383548
219,0.790872423
219,0.80608596
219,0.738208979
219,0.741137919
219,0.819099345
219,0.734837258
219,0.732609068
219,0.830175781
219,0.818634434
219,0.797770736
219,0.863443737
219,0.733874814
219,0.732084177
219,0.869526694
219,0.908336514
219,0.777924063
220,0.872184026
220,0.79099846
220,0.752063782
220,0.731734879
220,0.766528906
220,0.789847166
220,0.87029513
220,0.755417425
220,0.730077673
220,0.743890196
220,0.740814179
220,0.746403083
220,0.760053818
220,0.78791819
220,0.787657022
220,0.78196929
220,0.75646471
220,0.805593651
220,0.773745634
220,0.88290306
220,0.822557919
220,0.829325792
220,0.783896234
220,0.757911922
220,0.75597739
220,0.774940895
220,0.897623051
220,0.738226576
220,0.7798534
220,0.77560233
220,0.765735908
220,0.85536361
220,0.900401602
220,0.773086514
220,0.785465623
220,0.784571763
220,0.737557459
220,0.796582855
220,0.779453409
220,0.940273537
220,0.895409453
220,0.818889162
221,0.832432808
221,0.733838396
221,0.774372742
221,0.896787788
221,0.818398655
221,0.738892091
221,0.744334355
221,0.792760983
221,0.74397501
221,0.844293099
221,0.742993216
222,0.931614009
222,0.819404689
222,0.850635485
222,0.738834249
222,0.791716792
222,0.843550408
222,0.784358417
222,0.746959644
222,0.778782585
222,0.819264202
222,0.793521308
222,0.730217029
222,0.844498246
222,0.797429477
222,0.840207247
222,0.788967702
222,0.903122179
222,0.757113447
222,0.887891942
222,0.854678749
222,0.817931258
222,0.829782546
222,0.75322621
222,0.763965645
222,0.733844894
222,0.924138675
222,0.825045941
222,0.860061754
222,0.852302521
223,0.918852401
223,0.930367951
223,0.903030777
223,0.846493665
223,0.864234573
223,0.922333862
223,0.754385464
223,0.823093136
223,0.794422536
223,0.776032946
223,0.849970072
223,0.776731262
223,0.844029466
223,0.775252874
223,0.772599758
223,0.736451416
223,0.812224447
223,0.755295593
223,0.824229451
223,0.817521355
223,0.846466674
223,0.780431197
223,0.743649472
223,0.781698919
223,0.735809114
223,0.787638418
223,0.752648584
223,0.838194286
223,0.841023447
223,0.82950148
223,0.810737929
223,0.804110516
223,0.80951912
223,0.853017227
223,0.79567881
223,0.858468143
223,0.821406981
223,0.86734659
223,0.767308101
223,0.88421742
223,0.753168751
223,0.801739393
223,0.938536247
223,0.904906896
223,0.904028864
223,0.844700525
223,0.795309671
223,0.802911718
223,0.888126683
223,0.780771055
223,0.818954927
223,0.802202735
223,0.848122387
223,0.767067851
223,0.759574058
223,0.744714641
223,0.861190999
223,0.746121006
223,0.816234486
223,0.804538197
223,0.867383584
223,0.812833347
223,0.732175534
223,0.792473932
223,0.797461853
223,0.846595072
223,0.884088772
223,0.889717038
223,0.920823889
223,0.87156793
223,0.773151725
223,0.754398029
223,0.760581984
223,0.780969188
223,0.809376511
223,0.903114236
223,0.836190074
223,0.926361571
223,0.837392248
223,0.840285316
223,0.885224525
223,0.832588626
223,0.736453704
223,0.746531052
223,0.829208659
223,0.795702081
223,0.940723135
223,0.928871647
223,0.920673741
224,0.873548814
224,0.831446499
224,0.749608758
224,0.744945433
224,0.740076527
224,0.831737727
224,0.737274117
224,0.847809539
224,0.836546403
224,0.797704328
224,0.777570582
224,0.791310447
224,0.732739078
224,0.835603154
224,0.759277383
224,0.742956022
224,0.77800977
224,0.796968515
224,0.780635278
224,0.745109159
224,0.738414285
224,0.814738702
224,0.768318705
224,0.779898951
224,0.780893281
224,0.7552111
224,0.834920659
224,0.824208596
224,0.8388386
224,0.809311108
224,0.815625222
224,0.852621007
224,0.779392324
224,0.755537027
224,0.834421818
224,0.760781316
224,0.730118652
224,0.831493248
224,0.74023547
224,0.772374218
224,0.767734636
224,0.742221772
224,0.758908757
224,0.781301288
224,0.741568202
224,0.761198308
224,0.833778555
224,0.839219621
224,0.776952144
224,0.749105281
224,0.886921667
224,0.801854378
224,0.89873654
224,0.821062412
224,0.875043945
224,0.816518659
225,0.880487957
225,0.901540183
225,0.788930335
225,0.840889641
225,0.845289439
225,0.817767714
225,0.777312503
225,0.849951143
225,0.781454425
225,0.797796313
225,0.753622413
225,0.746760548
225,0.848709659
225,0.733028729
225,0.732328452
225,0.75779536
225,0.795982035
225,0.75873266
225,0.768337696
225,0.789167662
225,0.787903749
225,0.753197801
225,0.73606274
225,0.740451075
225,0.797049162
225,0.816055886
225,0.740495744
225,0.814827516
225,0.732085445
225,0.767590937
225,0.837441611
225,0.856072579
225,0.838562283
225,0.806224962
225,0.830963042
225,0.730107128
225,0.76876333
225,0.827565706
225,0.763321957
225,0.741998317
225,0.789098607
225,0.738288292
225,0.730076059
225,0.814700296
225,0.897721995
225,0.75341179
225,0.740073771
225,0.7655049
225,0.777657602
225,0.781407406
225,0.76988881
225,0.821364485
225,0.885507689
225,0.849049014
226,0.855450904
226,0.863703157
226,0.785395453
226,0.803196768
226,0.78486072
226,0.83511937
226,0.757061633
226,0.744925263
226,0.735440028
226,0.762299441
226,0.785464839
226,0.824511625
226,0.825596757
226,0.779609632
226,0.751893418
226,0.748023233
226,0.868331596
226,0.88928704
226,0.743831379
226,0.808935031
226,0.817253295
226,0.738010869
226,0.76333284
226,0.782667674
226,0.747621193
226,0.822352577
226,0.733620574
226,0.730719229
226,0.818924783
226,0.821882391
226,0.791485655
226,0.738122982
226,0.848798658
226,0.832618344
226,0.742514125
226,0.813530295
226,0.877907636
226,0.818062228
227,0.757716833
227,0.810579286
227,0.744768531
227,0.746390236
227,0.869334842
227,0.811424226
227,0.752021321
227,0.781546919
227,0.782333847
227,0.800940974
227,0.77268105
227,0.846048247
228,0.900668398
228,0.916087842
228,0.899557653
228,0.75621534
228,0.874699959
228,0.84075486
228,0.739278688
228,0.805110248
228,0.823848721
228,0.852242003
228,0.765814406
228,0.752058355
228,0.787211798
228,0.773718885
228,0.75243502
228,0.797352863
228,0.811562459
228,0.730191062
228,0.826836391
228,0.800123241
228,0.755780183
228,0.76003022
228,0.888385282
228,0.772091885
228,0.835108624
228,0.922429696
228,0.772251822
229,0.865217518
229,0.86499537
229,0.735639613
229,0.7973276
229,0.899147704
229,0.732534667
229,0.786092861
229,0.888326399
229,0.735143153
229,0.781854866
229,0.794060651
229,0.772444667
229,0.77050327
229,0.738189381
229,0.80373331
229,0.749584964
229,0.777804183
229,0.851699101
229,0.831032769
229,0.74943709
229,0.899550064
229,0.874084371
229,0.839430005
229,0.833387873
229,0.746739709
229,0.773690857
229,0.763243009
229,0.763403815
229,0.88798533
229,0.830490939
229,0.812889579
229,0.797305343
229,0.76895639
229,0.769542051
229,0.779424784
229,0.774426383
229,0.932671454
229,0.927606838
229,0.778441407
229,0.790835932
229,0.773321106
229,0.781943162
229,0.743297282
229,0.815115864
229,0.856729728
229,0.819884447
229,0.824305709
229,0.79631417
229,0.808358058
229,0.737275044
229,0.750609607
229,0.829866399
229,0.84543855
229,0.963224058
229,0.824016332
229,0.826754945
229,0.799828397
229,0.795070216
229,0.850325539
229,0.893938689
229,0.949759873
229,0.951151349
229,0.931180859
230,0.89932507
230,0.813277442
230,0.852035246
230,0.77310749
230,0.917171519
230,0.767954038
230,0.754312146
230,0.759158856
230,0.871382188
230,0.850577255
230,0.851772245
230,0.78375732
230,0.860128041
230,0.788650405
230,0.796721581
230,0.824708748
230,0.733710738
230,0.766649099
230,0.769268672
230,0.839032519
230,0.741004382
230,0.804340565
230,0.762886056
230,0.801777886
230,0.900322281
230,0.912692556
230,0.902676964
230,0.794659714
231,0.822869093
231,0.736113372
231,0.748649049
231,0.745650007
231,0.783268245
231,0.755720249
231,0.786640819
231,0.885385539
231,0.732086761
231,0.893712311
231,0.840969061
232,0.827968401
232,0.888489184
232,0.752350362
232,0.800971507
232,0.828805194
232,0.77310101
232,0.84106949
232,0.73207006
232,0.777848817
232,0.730182895
232,0.756153995
232,0.771423002
232,0.802180523
232,0.735629215
232,0.767117524
232,0.747967819
232,0.78144589
232,0.745681281
232,0.812174156
232,0.924131313
232,0.74536385
232,0.764236637
232,0.8982626
232,0.901516854
232,0.815029141
233,0.922983923
233,0.791901749
233,0.818557276
233,0.758174879
233,0.811900268
233,0.784922255
233,0.769453239
233,0.834299817
233,0.852064349
233,0.734654132
233,0.774083665
233,0.781756613
233,0.736663494
233,0.757114205
233,0.733177962
233,0.77160674
233,0.733658512
233,0.778456592
233,0.747576336
233,0.866711244
233,0.829030862
233,0.791815283
233,0.784147578
233,0.771505135
233,0.784711047
233,0.828768808
233,0.788965842
233,0.785690337
233,0.775043824
233,0.794636815
233,0.992701029
233,0.810438082
233,0.739780653
233,0.751217438
233,0.780217807
233,0.741931865
233,0.858442332
233,0.851627694
233,0.872892556
233,0.828329346
233,0.79056628
233,0.784513801
233,0.772705245
233,0.786556167
233,0.995956223
233,0.995276833
233,0.861212831
234,0.87649218
234,0.817010762
234,0.805104075
234,0.73674743
234,0.817639084
234,0.856413139
234,0.836777725
234,0.851540969
234,0.792989596
234,0.797405548
234,0.783293338
234,0.778139706
234,0.785846253
234,0.773491962
234,0.843994856
234,0.738546226
234,0.766285809
234,0.752369504
234,0.735571797
234,0.797106404
234,0.780904364
234,0.760608863
234,0.775619457
234,0.808441988
234,0.739022908
234,0.736597039
234,0.778186093
234,0.790091915
234,0.751014043
234,0.745152357
234,0.758254709
234,0.735049144
234,0.802493781
234,0.837362314
234,0.801964063
234,0.840546143
234,0.736181138
234,0.83665826
234,0.78953589
234,0.892976216
234,0.875700656
234,0.863750547
234,0.842171141
234,0.824779318
234,0.746653788
234,0.750853325
234,0.740111906
234,0.809358774
234,0.855353141
234,0.847643995
234,0.833722765
234,0.824377386
234,0.75748935
234,0.743875826
234,0.813738643
234,0.990558995
234,0.748347123
234,0.762114732
234,0.773740546
234,0.805766247
234,0.801605951
234,0.738993242
234,0.839753171
234,0.843801123
234,0.867194935
234,0.86596856
234,0.853222483
234,0.837494437
234,0.822509327
234,0.753347833
234,0.745421478
234,0.810428048
234,0.995806565
234,0.995300914
234,0.854526086
235,0.822484125
235,0.833434484
235,0.739505369
235,0.734746256
235,0.807490139
235,0.864975876
235,0.755431492
235,0.831437136
235,0.860888115
235,0.73889013
235,0.743182405
235,0.764525778
235,0.817330036
235,0.81309516
235,0.819707557
235,0.749540178
235,0.794636217
235,0.883818575
235,0.87165
235,0.853094016
236,0.741602853
236,0.823164327
236,0.822551378
236,0.751556894
236,0.760829955
236,0.731102545
236,0.764967164
236,0.770253111
236,0.790527392
236,0.869737016
236,0.869297368
236,0.769322337
236,0.829040406
236,0.761169921
236,0.890262538
236,0.905812545
236,0.753395385
237,0.766166503
237,0.867349138
237,0.971674688
237,0.833969682
237,0.855317024
237,0.820858958
237,0.758971323
237,0.747612792
237,0.742076518
237,0.848794525
237,0.874226761
238,0.767052237
238,0.838543215
238,0.755566147
238,0.758414219
238,0.774220891
238,0.77672878
238,0.744659577
238,0.876655131
238,0.873995184
238,0.805882838
238,0.783320898
238,0.767554114
238,0.773392228
238,0.788595111
238,0.731421357
238,0.794970111
238,0.810290032
238,0.772465295
238,0.761542561
238,0.894460938
238,0.89542669
239,0.770492963
239,0.74105544
239,0.78174483
239,0.82680028
239,0.736901446
239,0.763903302
239,0.755085331
239,0.742935858
239,0.761601644
239,0.809705727
239,0.822350532
239,0.830062494
239,0.90196226
240,0.81101792
240,0.883150328
240,0.877209677
240,0.818846088
240,0.902669152
240,0.890011272
240,0.758888053
240,0.814494585
240,0.828274438
240,0.76415354
240,0.802698909
240,0.769045431
240,0.782302649
240,0.797164696
240,0.741267734
240,0.860183241
240,0.730112178
240,0.847873513
240,0.762101608
240,0.850473871
240,0.90241107
240,0.748501307
240,0.857362854
240,0.905881446
240,0.826722725
240,0.773541318
240,0.80099118
240,0.756849156
240,0.755659805
240,0.779802229
240,0.753140871
240,0.796921584
240,0.772284311
240,0.84176653
240,0.762699286
240,0.819289635
240,0.891476763
240,0.863406142
240,0.749110187
240,0.898577354
240,0.912697086
240,0.770819038
241,0.732985586
241,0.782114791
241,0.787781387
241,0.75271878
241,0.737593211
241,0.750373708
241,0.736213933
241,0.730422748
241,0.783146529
241,0.769555448
241,0.754200562
241,0.775047412
241,0.762460479
241,0.761823137
241,0.872126914
241,0.744321562
241,0.834063083
241,0.748058299
241,0.777794127
241,0.791824684
241,0.775644345
241,0.766742074
241,0.739647882
241,0.878498936
241,0.897382865
241,0.828702968
241,0.867535181
241,0.876655436
241,0.787234876
242,0.753960253
242,0.74856564
242,0.75098603
242,0.73987154
242,0.766063221
242,0.762585728
242,0.771493244
242,0.741856547
242,0.781232636
242,0.872177946
242,0.768645013
242,0.778818216
242,0.861453191
242,0.776626568
242,0.738323023
242,0.800618671
242,0.790411509
242,0.813490168
242,0.76424973
242,0.738558382
242,0.856349281
242,0.907226705
242,0.866396207
242,0.766597455
242,0.867264796
242,0.877702809
242,0.812173008
243,0.8340924
243,0.774455449
243,0.889731633
243,0.83688895
243,0.73263207
243,0.800985974
243,0.805146742
243,0.783060793
243,0.757746451
243,0.761390085
243,0.742284076
243,0.832671022
243,0.753499419
243,0.797695473
243,0.852197908
243,0.815267352
243,0.845977397
243,0.832987992
243,0.828869765
243,0.785024828
243,0.904151499
243,0.805921077
243,0.859529853
243,0.904948535
243,0.763282384
243,0.824656799
243,0.735654973
243,0.801386147
243,0.891712892
243,0.849871351
243,0.781223887
244,0.929876569
244,0.837531834
244,0.85993925
244,0.792472225
244,0.905198647
244,0.845928664
244,0.85581893
244,0.779013103
244,0.824131989
244,0.802147872
244,0.894247679
244,0.739922465
244,0.730089337
244,0.759158042
244,0.743686774
244,0.778003348
244,0.740475085
244,0.736099059
244,0.932122001
244,0.87984815
244,0.776448726
244,0.758529729
244,0.819302412
244,0.809732584
244,0.730231239
244,0.766531358
244,0.785129034
244,0.798349053
244,0.74780086
244,0.747749441
244,0.756128447
244,0.805898896
244,0.750937697
244,0.877906698
244,0.843332892
244,0.779061237
244,0.749295816
244,0.793195046
244,0.74443522
244,0.737340343
244,0.881698318
244,0.804945707
244,0.814292872
244,0.865439154
244,0.813645685
244,0.809552175
244,0.739661752
244,0.808725154
244,0.93241244
244,0.925647921
244,0.834617166
244,0.814133555
244,0.820309434
244,0.801121459
244,0.798346728
244,0.845623407
244,0.938180439
244,0.831371774
244,0.731111879
244,0.803426266
244,0.789632694
244,0.789236797
244,0.872205742
244,0.815862219
244,0.796915088
244,0.79065546
244,0.791109688
244,0.734045938
244,0.894803653
244,0.78354575
244,0.954883707
244,0.871548957
244,0.90860253
244,0.838258206
244,0.827407168
244,0.755349449
244,0.751482174
244,0.770536213
244,0.858887299
244,0.882435739
244,0.954482752
244,0.914733422
244,0.874186624
245,0.780500282
245,0.807657106
245,0.894754446
245,0.750930463
245,0.84097681
245,0.78285948
245,0.794103497
245,0.735877046
245,0.743903275
245,0.730873122
245,0.745499731
245,0.73995288
245,0.805278635
245,0.773635526
245,0.815552978
245,0.817785925
245,0.906011115
245,0.880866511
245,0.817985677
246,0.851023069
246,0.811292923
246,0.907561617
246,0.802714713
246,0.936187513
246,0.892271111
246,0.781775345
246,0.854745301
246,0.84658061
246,0.804651395
246,0.867180911
246,0.851061216
246,0.765557125
246,0.787269811
246,0.901744448
246,0.799143097
246,0.82815104
246,0.862703587
246,0.755282926
246,0.800401553
246,0.828583766
246,0.945681104
246,0.783089993
246,0.80176058
246,0.778142723
246,0.730809944
246,0.905390202
246,0.734141162
246,0.799062815
246,0.786505467
246,0.956961396
246,0.807962397
246,0.947180839
246,0.737651397
246,0.818459685
246,0.747617749
246,0.794232401
246,0.944505673
246,0.733847971
246,0.920413442
246,0.764013005
246,0.779840437
246,0.873345324
246,0.797251385
246,0.755186624
246,0.853240702
246,0.783404249
246,0.818450933
246,0.825717738
246,0.861923628
246,0.84049384
246,0.766890932
246,0.880532099
246,0.782147359
246,0.899135424
246,0.753728186
246,0.866127203
246,0.850585101
246,0.775487939
246,0.890787863
246,0.774052954
246,0.951654075
246,0.766818214
246,0.805455688
246,0.861431949
246,0.946111539
246,0.928321703
247,0.834276858
247,0.788680797
247,0.75217493
247,0.767969487
247,0.738452072
247,0.761857619
247,0.749738643
247,0.812528347
247,0.917605858
247,0.836235473
248,0.799304799
248,0.746670212
248,0.759911284
248,0.797029794
248,0.749906017
248,0.818939002
248,0.857087556
248,0.736325909
248,0.743965367
248,0.789320297
248,0.774487765
248,0.825584359
248,0.734683443
248,0.740873541
248,0.771987025
248,0.755705396
248,0.810697199
248,0.786604703
248,0.746362659
248,0.765367092
248,0.883738392
248,0.854775419
248,0.930384764
248,0.877850928
248,0.788427701
249,0.731494753
249,0.734246318
249,0.756195636
249,0.737554551
249,0.735862919
249,0.803085787
249,0.743373213
249,0.784873147
249,0.74091083
249,0.821210189
249,0.73156252
249,0.831961611
249,0.773429808
250,0.873428115
250,0.837552515
250,0.746212583
250,0.84500007
250,0.829579729
250,0.904598771
250,0.769188129
250,0.741980815
250,0.740617922
250,0.730844272
250,0.768087301
250,0.752151842
250,0.730102029
250,0.742465061
250,0.749358652
250,0.789607807
250,0.768272109
250,0.739051138
250,0.755677322
250,0.736288774
250,0.760365362
250,0.767177506
250,0.867798909
250,0.764584494
250,0.733646392
250,0.807950311
250,0.788415867
250,0.754205573
250,0.805552476
250,0.801838026
250,0.753288182
250,0.786272996
250,0.751769637
250,0.759960294
250,0.819422015
250,0.874448604
250,0.786346941
250,0.770751615
250,0.742212054
250,0.81803579
250,0.889441091
250,0.804056289
251,0.762838227
251,0.76697702
251,0.787625044
251,0.775989785
251,0.742694796
251,0.801575014
251,0.742368275
251,0.770057638
251,0.741711904
251,0.758809072
251,0.73197092
251,0.768705562
251,0.76763452
251,0.786029886
251,0.818741578
251,0.90862269
251,0.884070323
251,0.90060497
251,0.814032498
252,0.832388169
252,0.842740848
252,0.761371391
252,0.829460828
252,0.863260035
252,0.849195592
252,0.916456049
252,0.757488281
252,0.776308322
252,0.839137556
252,0.776762058
252,0.753713178
252,0.792720068
252,0.817133253
252,0.832387433
252,0.814345629
252,0.883358483
252,0.739596587
252,0.916449354
252,0.750439392
252,0.768490775
252,0.880639242
252,0.917555691
252,0.863013773
253,0.772328347
253,0.841002805
253,0.832864722
253,0.836289338
253,0.802384218
253,0.764056429
253,0.773728939
253,0.769950796
253,0.771453658
253,0.767152431
253,0.76788129
253,0.740233745
253,0.747938877
253,0.812608066
253,0.875840293
253,0.810845249
253,0.848350133
253,0.817808711
254,0.802137105
254,0.811230188
254,0.74337542
254,0.819734576
254,0.82336234
254,0.756563738
254,0.752788222
254,0.782900628
254,0.742453926
254,0.833711275
254,0.808164028
254,0.832638269
254,0.805055959
254,0.753101367
254,0.757727051
254,0.795586927
254,0.783944828
254,0.824844086
254,0.754865271
254,0.868984561
254,0.818086346
254,0.792444732
254,0.799266187
254,0.85184862
254,0.860013458
254,0.860372726
254,0.896257402
254,0.803300036
255,0.854198059
255,0.815020595
255,0.891198558
255,0.870735958
255,0.776328445
255,0.795872057
255,0.898383548
255,0.790872423
255,0.80608596
255,0.741137919
255,0.819099345
255,0.830175781
255,0.818634434
255,0.797770736
255,0.863443737
255,0.869526694
255,0.908336514
255,0.777924063
256,0.872184026
256,0.79099846
256,0.752063782
256,0.766528906
256,0.789847166
256,0.87029513
256,0.755417425
256,0.743890196
256,0.740814179
256,0.746403083
256,0.760053818
256,0.78791819
256,0.787657022
256,0.78196929
256,0.75646471
256,0.805593651
256,0.773745634
256,0.88290306
256,0.822557919
256,0.829325792
256,0.783896234
256,0.757911922
256,0.75597739
256,0.774940895
256,0.897623051
256,0.7798534
256,0.77560233
256,0.765735908
256,0.85536361
256,0.900401602
256,0.773086514
256,0.785465623
256,0.784571763
256,0.796582855
256,0.779453409
256,0.940273537
256,0.895409453
256,0.818889162
257,0.832432808
257,0.774372742
257,0.896787788
257,0.818398655
257,0.744334355
257,0.792760983
257,0.74397501
257,0.844293099
257,0.742993216
258,0.931614009
258,0.819404689
258,0.850635485
258,0.791716792
258,0.843550408
258,0.784358417
258,0.746959644
258,0.778782585
258,0.819264202
258,0.793521308
258,0.844498246
258,0.797429477
258,0.840207247
258,0.788967702
258,0.903122179
258,0.757113447
258,0.887891942
258,0.854678749
258,0.817931258
258,0.829782546
258,0.75322621
258,0.763965645
258,0.924138675
258,0.825045941
258,0.860061754
258,0.852302521
259,0.918852401
259,0.930367951
259,0.903030777
259,0.846493665
259,0.864234573
259,0.922333862
259,0.754385464
259,0.823093136
259,0.794422536
259,0.776032946
259,0.849970072
259,0.776731262
259,0.844029466
259,0.775252874
259,0.772599758
259,0.812224447
259,0.755295593
259,0.824229451
259,0.817521355
259,0.846466674
259,0.780431197
259,0.743649472
259,0.781698919
259,0.787638418
259,0.752648584
259,0.838194286
259,0.841023447
259,0.82950148
259,0.810737929
259,0.804110516
259,0.80951912
259,0.853017227
259,0.79567881
259,0.858468143
259,0.821406981
259,0.86734659
259,0.767308101
259,0.88421742
259,0.753168751
259,0.801739393
259,0.938536247
259,0.904906896
259,0.904028864
259,0.844700525
259,0.795309671
259,0.802911718
259,0.888126683
259,0.780771055
259,0.818954927
259,0.802202735
259,0.848122387
259,0.767067851
259,0.759574058
259,0.744714641
259,0.861190999
259,0.746121006
259,0.816234486
259,0.804538197
259,0.867383584
259,0.812833347
259,0.792473932
259,0.797461853
259,0.846595072
259,0.884088772
259,0.889717038
259,0.920823889
259,0.87156793
259,0.773151725
259,0.754398029
259,0.760581984
259,0.780969188
259,0.809376511
259,0.903114236
259,0.836190074
259,0.926361571
259,0.837392248
259,0.840285316
259,0.885224525
259,0.832588626
259,0.746531052
259,0.829208659
259,0.795702081
259,0.940723135
259,0.928871647
259,0.920673741
260,0.873548814
260,0.831446499
260,0.749608758
260,0.744945433
260,0.740076527
260,0.831737727
260,0.847809539
260,0.836546403
260,0.797704328
260,0.777570582
260,0.791310447
260,0.835603154
260,0.759277383
260,0.742956022
260,0.77800977
260,0.796968515
260,0.780635278
260,0.745109159
260,0.814738702
260,0.768318705
260,0.779898951
260,0.780893281
260,0.7552111
260,0.834920659
260,0.824208596
260,0.8388386
260,0.809311108
260,0.815625222
260,0.852621007
260,0.779392324
260,0.755537027
260,0.834421818
260,0.760781316
260,0.831493248
260,0.74023547
260,0.772374218
260,0.767734636
260,0.742221772
260,0.758908757
260,0.781301288
260,0.741568202
260,0.761198308
260,0.833778555
260,0.839219621
260,0.776952144
260,0.749105281
260,0.886921667
260,0.801854378
260,0.89873654
260,0.821062412
260,0.875043945
260,0.816518659
261,0.880487957
261,0.901540183
261,0.788930335
261,0.840889641
261,0.845289439
261,0.817767714
261,0.777312503
261,0.849951143
261,0.781454425
261,0.797796313
261,0.753622413
261,0.746760548
261,0.848709659
261,0.75779536
261,0.795982035
261,0.75873266
261,0.768337696
261,0.789167662
261,0.787903749
261,0.753197801
261,0.740451075
261,0.797049162
261,0.816055886
261,0.740495744
261,0.814827516
261,0.767590937
261,0.837441611
261,0.856072579
261,0.838562283
261,0.806224962
261,0.830963042
261,0.76876333
261,0.827565706
261,0.763321957
261,0.741998317
261,0.789098607
261,0.814700296
261,0.897721995
261,0.75341179
261,0.740073771
261,0.7655049
261,0.777657602
261,0.781407406
261,0.76988881
261,0.821364485
261,0.885507689
261,0.849049014
262,0.855450904
262,0.863703157
262,0.785395453
262,0.803196768
262,0.78486072
262,0.83511937
262,0.757061633
262,0.744925263
262,0.762299441
262,0.785464839
262,0.824511625
262,0.825596757
262,0.779609632
262,0.751893418
262,0.748023233
262,0.868331596
262,0.88928704
262,0.743831379
262,0.808935031
262,0.817253295
262,0.76333284
262,0.782667674
262,0.747621193
262,0.822352577
262,0.818924783
262,0.821882391
262,0.791485655
262,0.848798658
262,0.832618344
262,0.742514125
262,0.813530295
262,0.877907636
262,0.818062228
263,0.757716833
263,0.810579286
263,0.744768531
263,0.746390236
263,0.869334842
263,0.811424226
263,0.752021321
263,0.781546919
263,0.782333847
263,0.800940974
263,0.77268105
263,0.846048247
264,0.900668398
264,0.916087842
264,0.899557653
264,0.75621534
264,0.874699959
264,0.84075486
264,0.805110248
264,0.823848721
264,0.852242003
264,0.765814406
264,0.752058355
264,0.787211798
264,0.773718885
264,0.75243502
264,0.797352863
264,0.811562459
264,0.826836391
264,0.800123241
264,0.755780183
264,0.76003022
264,0.888385282
264,0.772091885
264,0.835108624
264,0.922429696
264,0.772251822
265,0.865217518
265,0.86499537
265,0.7973276
265,0.899147704
265,0.786092861
265,0.888326399
265,0.781854866
265,0.794060651
265,0.772444667
265,0.77050327
265,0.80373331
265,0.749584964
265,0.777804183
265,0.851699101
265,0.831032769
265,0.74943709
265,0.899550064
265,0.874084371
265,0.839430005
265,0.833387873
265,0.746739709
265,0.773690857
265,0.763243009
265,0.763403815
265,0.88798533
265,0.830490939
265,0.812889579
265,0.797305343
265,0.76895639
265,0.769542051
265,0.779424784
265,0.774426383
265,0.932671454
265,0.927606838
265,0.778441407
265,0.790835932
265,0.773321106
265,0.781943162
265,0.743297282
265,0.815115864
265,0.856729728
265,0.819884447
265,0.824305709
265,0.79631417
265,0.808358058
265,0.750609607
265,0.829866399
265,0.84543855
265,0.963224058
265,0.824016332
265,0.826754945
265,0.799828397
265,0.795070216
265,0.850325539
265,0.893938689
265,0.949759873
265,0.951151349
265,0.931180859
266,0.89932507
266,0.813277442
266,0.852035246
266,0.77310749
266,0.917171519
266,0.767954038
266,0.754312146
266,0.759158856
266,0.871382188
266,0.850577255
266,0.851772245
266,0.78375732
266,0.860128041
266,0.788650405
266,0.796721581
266,0.824708748
266,0.766649099
266,0.769268672
266,0.839032519
266,0.741004382
266,0.804340565
266,0.762886056
266,0.801777886
266,0.900322281
266,0.912692556
266,0.902676964
266,0.794659714
267,0.822869093
267,0.748649049
267,0.745650007
267,0.783268245
267,0.755720249
267,0.786640819
267,0.885385539
267,0.893712311
267,0.840969061
268,0.827968401
268,0.888489184
268,0.752350362
268,0.800971507
268,0.828805194
268,0.77310101
268,0.84106949
268,0.777848817
268,0.756153995
268,0.771423002
268,0.802180523
268,0.767117524
268,0.747967819
268,0.78144589
268,0.745681281
268,0.812174156
268,0.924131313
268,0.74536385
268,0.764236637
268,0.8982626
268,0.901516854
268,0.815029141
269,0.922983923
269,0.791901749
269,0.818557276
269,0.758174879
269,0.811900268
269,0.784922255
269,0.769453239
269,0.834299817
269,0.852064349
269,0.774083665
269,0.781756613
269,0.757114205
269,0.77160674
269,0.778456592
269,0.747576336
269,0.866711244
269,0.829030862
269,0.791815283
269,0.784147578
269,0.771505135
269,0.784711047
269,0.828768808
269,0.788965842
269,0.785690337
269,0.775043824
269,0.794636815
269,0.992701029
269,0.810438082
269,0.751217438
269,0.780217807
269,0.741931865
269,0.858442332
269,0.851627694
269,0.872892556
269,0.828329346
269,0.79056628
269,0.784513801
269,0.772705245
269,0.786556167
269,0.995956223
269,0.995276833
269,0.861212831
270,0.87649218
270,0.817010762
270,0.805104075
270,0.817639084
270,0.856413139
270,0.836777725
270,0.851540969
270,0.792989596
270,0.797405548
270,0.783293338
270,0.778139706
270,0.785846253
270,0.773491962
270,0.843994856
270,0.766285809
270,0.752369504
270,0.797106404
270,0.780904364
270,0.760608863
270,0.775619457
270,0.808441988
270,0.778186093
270,0.790091915
270,0.751014043
270,0.745152357
270,0.758254709
270,0.802493781
270,0.837362314
270,0.801964063
270,0.840546143
270,0.83665826
270,0.78953589
270,0.892976216
270,0.875700656
270,0.863750547
270,0.842171141
270,0.824779318
270,0.746653788
270,0.750853325
270,0.740111906
270,0.809358774
270,0.855353141
270,0.847643995
270,0.833722765
270,0.824377386
270,0.75748935
270,0.743875826
270,0.813738643
270,0.990558995
270,0.748347123
270,0.762114732
270,0.773740546
270,0.805766247
270,0.801605951
270,0.839753171
270,0.843801123
270,0.867194935
270,0.86596856
270,0.853222483
270,0.837494437
270,0.822509327
270,0.753347833
270,0.745421478
270,0.810428048
270,0.995806565
270,0.995300914
270,0.854526086
271,0.822484125
271,0.833434484
271,0.807490139
271,0.864975876
271,0.755431492
271,0.831437136
271,0.860888115
271,0.743182405
271,0.764525778
271,0.817330036
271,0.81309516
271,0.819707557
271,0.749540178
271,0.794636217
271,0.883818575
271,0.87165
271,0.853094016
272,0.741602853
272,0.823164327
272,0.822551378
272,0.751556894
272,0.760829955
272,0.764967164
272,0.770253111
272,0.790527392
272,0.869737016
272,0.869297368
272,0.769322337
272,0.829040406
272,0.761169921
272,0.890262538
272,0.905812545
272,0.753395385
273,0.766166503
273,0.867349138
273,0.971674688
273,0.833969682
273,0.855317024
273,0.820858958
273,0.758971323
273,0.747612792
273,0.742076518
273,0.848794525
273,0.874226761
274,0.767052237
274,0.838543215
274,0.755566147
274,0.758414219
274,0.774220891
274,0.77672878
274,0.744659577
274,0.876655131
274,0.873995184
274,0.805882838
274,0.783320898
274,0.767554114
274,0.773392228
274,0.788595111
274,0.794970111
274,0.810290032
274,0.772465295
274,0.761542561
274,0.894460938
274,0.89542669
275,0.770492963
275,0.74105544
275,0.78174483
275,0.82680028
275,0.763903302
275,0.755085331
275,0.742935858
275,0.761601644
275,0.809705727
275,0.822350532
275,0.830062494
275,0.90196226
276,0.81101792
276,0.883150328
276,0.877209677
276,0.818846088
276,0.902669152
276,0.890011272
276,0.758888053
276,0.814494585
276,0.828274438
276,0.76415354
276,0.802698909
276,0.769045431
276,0.782302649
276,0.797164696
276,0.741267734
276,0.860183241
276,0.847873513
276,0.762101608
276,0.850473871
276,0.90241107
276,0.748501307
276,0.857362854
276,0.905881446
276,0.826722725
276,0.773541318
276,0.80099118
276,0.756849156
276,0.755659805
276,0.779802229
276,0.753140871
276,0.796921584
276,0.772284311
276,0.84176653
276,0.762699286
276,0.819289635
276,0.891476763
276,0.863406142
276,0.749110187
276,0.898577354
276,0.912697086
276,0.770819038
277,0.782114791
277,0.787781387
277,0.75271878
277,0.750373708
277,0.783146529
277,0.769555448
277,0.754200562
277,0.775047412
277,0.762460479
277,0.761823137
277,0.872126914
277,0.744321562
277,0.834063083
277,0.748058299
277,0.777794127
277,0.791824684
277,0.775644345
277,0.766742074
277,0.878498936
277,0.897382865
277,0.828702968
277,0.867535181
277,0.876655436
277,0.787234876
278,0.753960253
278,0.74856564
278,0.75098603
278,0.766063221
278,0.762585728
278,0.771493244
278,0.741856547
278,0.781232636
278,0.872177946
278,0.768645013
278,0.778818216
278,0.861453191
278,0.776626568
278,0.800618671
278,0.790411509
278,0.813490168
278,0.76424973
278,0.856349281
278,0.907226705
278,0.866396207
278,0.766597455
278,0.867264796
278,0.877702809
278,0.812173008
279,0.8340924
279,0.774455449
279,0.889731633
279,0.83688895
279,0.800985974
279,0.805146742
279,0.783060793
279,0.757746451
279,0.761390085
279,0.742284076
279,0.832671022
279,0.753499419
279,0.797695473
279,0.852197908
279,0.815267352
279,0.845977397
279,0.832987992
279,0.828869765
279,0.785024828
279,0.904151499
279,0.805921077
279,0.859529853
279,0.904948535
279,0.763282384
279,0.824656799
279,0.801386147
279,0.891712892
279,0.849871351
279,0.781223887
280,0.929876569
280,0.837531834
280,0.85993925
280,0.792472225
280,0.905198647
280,0.845928664
280,0.85581893
280,0.779013103
280,0.824131989
280,0.802147872
280,0.894247679
280,0.759158042
280,0.743686774
280,0.778003348
280,0.740475085
280,0.932122001
280,0.87984815
280,0.776448726
280,0.758529729
280,0.819302412
280,0.809732584
280,0.766531358
280,0.785129034
280,0.798349053
280,0.74780086
280,0.747749441
280,0.756128447
280,0.805898896
280,0.750937697
280,0.877906698
280,0.843332892
280,0.779061237
280,0.749295816
280,0.793195046
280,0.74443522
280,0.881698318
280,0.804945707
280,0.814292872
280,0.865439154
280,0.813645685
280,0.809552175
280,0.808725154
280,0.93241244
280,0.925647921
280,0.834617166
280,0.814133555
280,0.820309434
280,0.801121459
280,0.798346728
280,0.845623407
280,0.938180439
280,0.831371774
280,0.803426266
280,0.789632694
280,0.789236797
280,0.872205742
280,0.815862219
280,0.796915088
280,0.79065546
280,0.791109688
280,0.894803653
280,0.78354575
280,0.954883707
280,0.871548957
280,0.90860253
280,0.838258206
280,0.827407168
280,0.755349449
280,0.751482174
280,0.770536213
280,0.858887299
280,0.882435739
280,0.954482752
280,0.914733422
280,0.874186624
281,0.780500282
281,0.807657106
281,0.894754446
281,0.750930463
281,0.84097681
281,0.78285948
281,0.794103497
281,0.743903275
281,0.745499731
281,0.805278635
281,0.773635526
281,0.815552978
281,0.817785925
281,0.906011115
281,0.880866511
281,0.817985677
282,0.851023069
282,0.811292923
282,0.907561617
282,0.802714713
282,0.936187513
282,0.892271111
282,0.781775345
282,0.854745301
282,0.84658061
282,0.804651395
282,0.867180911
282,0.851061216
282,0.765557125
282,0.787269811
282,0.901744448
282,0.799143097
282,0.82815104
282,0.862703587
282,0.755282926
282,0.800401553
282,0.828583766
282,0.945681104
282,0.783089993
282,0.80176058
282,0.778142723
282,0.905390202
282,0.799062815
282,0.786505467
282,0.956961396
282,0.807962397
282,0.947180839
282,0.818459685
282,0.747617749
282,0.794232401
282,0.944505673
282,0.920413442
282,0.764013005
282,0.779840437
282,0.873345324
282,0.797251385
282,0.755186624
282,0.853240702
282,0.783404249
282,0.818450933
282,0.825717738
282,0.861923628
282,0.84049384
282,0.766890932
282,0.880532099
282,0.782147359
282,0.899135424
282,0.753728186
282,0.866127203
282,0.850585101
282,0.775487939
282,0.890787863
282,0.774052954
282,0.951654075
282,0.766818214
282,0.805455688
282,0.861431949
282,0.946111539
282,0.928321703
283,0.834276858
283,0.788680797
283,0.75217493
283,0.767969487
283,0.761857619
283,0.749738643
283,0.812528347
283,0.917605858
283,0.836235473
284,0.799304799
284,0.746670212
284,0.759911284
284,0.797029794
284,0.749906017
284,0.818939002
284,0.857087556
284,0.743965367
284,0.789320297
284,0.774487765
284,0.825584359
284,0.740873541
284,0.771987025
284,0.755705396
284,0.810697199
284,0.786604703
284,0.746362659
284,0.765367092
284,0.883738392
284,0.854775419
284,0.930384764
284,0.877850928
284,0.788427701
285,0.756195636
285,0.803085787
285,0.743373213
285,0.784873147
285,0.74091083
285,0.821210189
285,0.831961611
285,0.773429808
286,0.873428115
286,0.837552515
286,0.746212583
286,0.84500007
286,0.829579729
286,0.904598771
286,0.769188129
286,0.741980815
286,0.740617922
286,0.768087301
286,0.752151842
286,0.742465061
286,0.749358652
286,0.789607807
286,0.768272109
286,0.755677322
286,0.760365362
286,0.767177506
286,0.867798909
286,0.764584494
286,0.807950311
286,0.788415867
286,0.754205573
286,0.805552476
286,0.801838026
286,0.753288182
286,0.786272996
286,0.751769637
286,0.759960294
286,0.819422015
286,0.874448604
286,0.786346941
286,0.770751615
286,0.742212054
286,0.81803579
286,0.889441091
286,0.804056289
287,0.762838227
287,0.76697702
287,0.787625044
287,0.775989785
287,0.742694796
287,0.801575014
287,0.742368275
287,0.770057638
287,0.741711904
287,0.758809072
287,0.768705562
287,0.76763452
287,0.786029886
287,0.818741578
287,0.90862269
287,0.884070323
287,0.90060497
287,0.814032498
288,0.832388169
288,0.842740848
288,0.761371391
288,0.829460828
288,0.863260035
288,0.849195592
288,0.916456049
288,0.757488281
288,0.776308322
288,0.839137556
288,0.776762058
288,0.753713178
288,0.792720068
288,0.817133253
288,0.832387433
288,0.814345629
288,0.883358483
288,0.916449354
288,0.750439392
288,0.768490775
288,0.880639242
288,0.917555691
288,0.863013773
289,0.772328347
289,0.841002805
289,0.832864722
289,0.836289338
289,0.802384218
289,0.764056429
289,0.773728939
289,0.769950796
289,0.771453658
289,0.767152431
289,0.76788129
289,0.812608066
289,0.875840293
289,0.810845249
289,0.848350133
289,0.817808711
290,0.802137105
290,0.811230188
290,0.819734576
290,0.82336234
290,0.756563738
290,0.752788222
290,0.782900628
290,0.833711275
290,0.808164028
290,0.832638269
290,0.805055959
290,0.753101367
290,0.757727051
290,0.795586927
290,0.783944828
290,0.824844086
290,0.754865271
290,0.868984561
290,0.818086346
290,0.792444732
290,0.799266187
290,0.85184862
290,0.860013458
290,0.860372726
290,0.896257402
290,0.803300036
291,0.854198059
291,0.815020595
291,0.891198558
291,0.870735958
291,0.776328445
291,0.795872057
291,0.898383548
291,0.790872423
291,0.80608596
291,0.819099345
291,0.830175781
291,0.818634434
291,0.797770736
291,0.863443737
291,0.869526694
291,0.908336514
291,0.777924063
292,0.872184026
292,0.79099846
292,0.752063782
292,0.766528906
292,0.789847166
292,0.87029513
292,0.755417425
292,0.760053818
292,0.78791819
292,0.787657022
292,0.78196929
292,0.75646471
292,0.805593651
292,0.773745634
292,0.88290306
292,0.822557919
292,0.829325792
292,0.783896234
292,0.757911922
292,0.75597739
292,0.774940895
292,0.897623051
292,0.7798534
292,0.77560233
292,0.765735908
292,0.85536361
292,0.900401602
292,0.773086514
292,0.785465623
292,0.784571763
292,0.796582855
292,0.779453409
292,0.940273537
292,0.895409453
292,0.818889162
293,0.832432808
293,0.774372742
293,0.896787788
293,0.818398655
293,0.792760983
293,0.844293099
294,0.931614009
294,0.819404689
294,0.850635485
294,0.791716792
294,0.843550408
294,0.784358417
294,0.778782585
294,0.819264202
294,0.793521308
294,0.844498246
294,0.797429477
294,0.840207247
294,0.788967702
294,0.903122179
294,0.757113447
294,0.887891942
294,0.854678749
294,0.817931258
294,0.829782546
294,0.75322621
294,0.763965645
294,0.924138675
294,0.825045941
294,0.860061754
294,0.852302521
295,0.918852401
295,0.930367951
295,0.903030777
295,0.846493665
295,0.864234573
295,0.922333862
295,0.754385464
295,0.823093136
295,0.794422536
295,0.776032946
295,0.849970072
295,0.776731262
295,0.844029466
295,0.775252874
295,0.772599758
295,0.812224447
295,0.755295593
295,0.824229451
295,0.817521355
295,0.846466674
295,0.780431197
295,0.781698919
295,0.787638418
295,0.752648584
295,0.838194286
295,0.841023447
295,0.82950148
295,0.810737929
295,0.804110516
295,0.80951912
295,0.853017227
295,0.79567881
295,0.858468143
295,0.821406981
295,0.86734659
295,0.767308101
295,0.88421742
295,0.753168751
295,0.801739393
295,0.938536247
295,0.904906896
295,0.904028864
295,0.844700525
295,0.795309671
295,0.802911718
295,0.888126683
295,0.780771055
295,0.818954927
295,0.802202735
295,0.848122387
295,0.767067851
295,0.759574058
295,0.861190999
295,0.816234486
295,0.804538197
295,0.867383584
295,0.812833347
295,0.792473932
295,0.797461853
295,0.846595072
295,0.884088772
295,0.889717038
295,0.920823889
295,0.87156793
295,0.773151725
295,0.754398029
295,0.760581984
295,0.780969188
295,0.809376511
295,0.903114236
295,0.836190074
295,0.926361571
295,0.837392248
295,0.840285316
295,0.885224525
295,0.832588626
295,0.829208659
295,0.795702081
295,0.940723135
295,0.928871647
295,0.920673741
296,0.873548814
296,0.831446499
296,0.831737727
296,0.847809539
296,0.836546403
296,0.797704328
296,0.777570582
296,0.791310447
296,0.835603154
296,0.759277383
296,0.77800977
296,0.796968515
296,0.780635278
296,0.814738702
296,0.768318705
296,0.779898951
296,0.780893281
296,0.7552111
296,0.834920659
296,0.824208596
296,0.8388386
296,0.809311108
296,0.815625222
296,0.852621007
296,0.779392324
296,0.755537027
296,0.834421818
296,0.760781316
296,0.831493248
296,0.772374218
296,0.767734636
296,0.758908757
296,0.781301288
296,0.761198308
296,0.833778555
296,0.839219621
296,0.776952144
296,0.886921667
296,0.801854378
296,0.89873654
296,0.821062412
296,0.875043945
296,0.816518659
297,0.880487957
297,0.901540183
297,0.788930335
297,0.840889641
297,0.845289439
297,0.817767714
297,0.777312503
297,0.849951143
297,0.781454425
297,0.797796313
297,0.753622413
297,0.848709659
297,0.75779536
297,0.795982035
297,0.75873266
297,0.768337696
297,0.789167662
297,0.787903749
297,0.753197801
297,0.797049162
297,0.816055886
297,0.814827516
297,0.767590937
297,0.837441611
297,0.856072579
297,0.838562283
297,0.806224962
297,0.830963042
297,0.76876333
297,0.827565706
297,0.763321957
297,0.789098607
297,0.814700296
297,0.897721995
297,0.75341179
297,0.7655049
297,0.777657602
297,0.781407406
297,0.76988881
297,0.821364485
297,0.885507689
297,0.849049014
298,0.855450904
298,0.863703157
298,0.785395453
298,0.803196768
298,0.78486072
298,0.83511937
298,0.757061633
298,0.762299441
298,0.785464839
298,0.824511625
298,0.825596757
298,0.779609632
298,0.751893418
298,0.868331596
298,0.88928704
298,0.808935031
298,0.817253295
298,0.76333284
298,0.782667674
298,0.822352577
298,0.818924783
298,0.821882391
298,0.791485655
298,0.848798658
298,0.832618344
298,0.813530295
298,0.877907636
298,0.818062228
299,0.757716833
299,0.810579286
299,0.869334842
299,0.811424226
299,0.752021321
299,0.781546919
299,0.782333847
299,0.800940974
299,0.77268105
299,0.846048247
300,0.900668398
300,0.916087842
300,0.899557653
300,0.75621534
300,0.874699959
300,0.84075486
300,0.805110248
300,0.823848721
300,0.852242003
300,0.765814406
300,0.752058355
300,0.787211798
300,0.773718885
300,0.75243502
300,0.797352863
300,0.811562459
300,0.826836391
300,0.800123241
300,0.755780183
300,0.76003022
300,0.888385282
300,0.772091885
300,0.835108624
300,0.922429696
300,0.772251822
301,0.865217518
301,0.86499537
301,0.7973276
301,0.899147704
301,0.786092861
301,0.888326399
301,0.781854866
301,0.794060651
301,0.772444667
301,0.77050327
301,0.80373331
301,0.777804183
301,0.851699101
301,0.831032769
301,0.899550064
301,0.874084371
301,0.839430005
301,0.833387873
301,0.773690857
301,0.763243009
301,0.763403815
301,0.88798533
301,0.830490939
301,0.812889579
301,0.797305343
301,0.76895639
301,0.769542051
301,0.779424784
301,0.774426383
301,0.932671454
301,0.927606838
301,0.778441407
301,0.790835932
301,0.773321106
301,0.781943162
301,0.815115864
301,0.856729728
301,0.819884447
301,0.824305709
301,0.79631417
301,0.808358058
301,0.750609607
301,0.829866399
301,0.84543855
301,0.963224058
301,0.824016332
301,0.826754945
301,0.799828397
301,0.795070216
301,0.850325539
301,0.893938689
301,0.949759873
301,0.951151349
301,0.931180859
302,0.89932507
302,0.813277442
302,0.852035246
302,0.77310749
302,0.917171519
302,0.767954038
302,0.754312146
302,0.759158856
302,0.871382188
302,0.850577255
302,0.851772245
302,0.78375732
302,0.860128041
302,0.788650405
302,0.796721581
302,0.824708748
302,0.766649099
302,0.769268672
302,0.839032519
302,0.804340565
302,0.762886056
302,0.801777886
302,0.900322281
302,0.912692556
302,0.902676964
302,0.794659714
303,0.822869093
303,0.783268245
303,0.755720249
303,0.786640819
303,0.885385539
303,0.893712311
303,0.840969061
304,0.827968401
304,0.888489184
304,0.752350362
304,0.800971507
304,0.828805194
304,0.77310101
304,0.84106949
304,0.777848817
304,0.756153995
304,0.771423002
304,0.802180523
304,0.767117524
304,0.78144589
304,0.812174156
304,0.924131313
304,0.764236637
304,0.8982626
304,0.901516854
304,0.815029141
305,0.922983923
305,0.791901749
305,0.818557276
305,0.758174879
305,0.811900268
305,0.784922255
305,0.769453239
305,0.834299817
305,0.852064349
305,0.774083665
305,0.781756613
305,0.757114205
305,0.77160674
305,0.778456592
305,0.866711244
305,0.829030862
305,0.791815283
305,0.784147578
305,0.771505135
305,0.784711047
305,0.828768808
305,0.788965842
305,0.785690337
305,0.775043824
305,0.794636815
305,0.992701029
305,0.810438082
305,0.751217438
305,0.780217807
305,0.858442332
305,0.851627694
305,0.872892556
305,0.828329346
305,0.79056628
305,0.784513801
305,0.772705245
305,0.786556167
305,0.995956223
305,0.995276833
305,0.861212831
306,0.87649218
306,0.817010762
306,0.805104075
306,0.817639084
306,0.856413139
306,0.836777725
306,0.851540969
306,0.792989596
306,0.797405548
306,0.783293338
306,0.778139706
306,0.785846253
306,0.773491962
306,0.843994856
306,0.766285809
306,0.752369504
306,0.797106404
306,0.780904364
306,0.760608863
306,0.775619457
306,0.808441988
306,0.778186093
306,0.790091915
306,0.751014043
306,0.758254709
306,0.802493781
306,0.837362314
306,0.801964063
306,0.840546143
306,0.83665826
306,0.78953589
306,0.892976216
306,0.875700656
306,0.863750547
306,0.842171141
306,0.824779318
306,0.750853325
306,0.809358774
306,0.855353141
306,0.847643995
306,0.833722765
306,0.824377386
306,0.75748935
306,0.813738643
306,0.990558995
306,0.762114732
306,0.773740546
306,0.805766247
306,0.801605951
306,0.839753171
306,0.843801123
306,0.867194935
306,0.86596856
306,0.853222483
306,0.837494437
306,0.822509327
306,0.753347833
306,0.810428048
306,0.995806565
306,0.995300914
306,0.854526086
307,0.822484125
307,0.833434484
307,0.807490139
307,0.864975876
307,0.755431492
307,0.831437136
307,0.860888115
307,0.764525778
307,0.817330036
307,0.81309516
307,0.819707557
307,0.794636217
307,0.883818575
307,0.87165
307,0.853094016
308,0.823164327
308,0.822551378
308,0.751556894
308,0.760829955
308,0.764967164
308,0.770253111
308,0.790527392
308,0.869737016
308,0.869297368
308,0.769322337
308,0.829040406
308,0.761169921
308,0.890262538
308,0.905812545
308,0.753395385
309,0.766166503
309,0.867349138
309,0.971674688
309,0.833969682
309,0.855317024
309,0.820858958
309,0.758971323
309,0.848794525
309,0.874226761
310,0.767052237
310,0.838543215
310,0.755566147
310,0.758414219
310,0.774220891
310,0.77672878
310,0.876655131
310,0.873995184
310,0.805882838
310,0.783320898
310,0.767554114
310,0.773392228
310,0.788595111
310,0.794970111
310,0.810290032
310,0.772465295
310,0.761542561
310,0.894460938
310,0.89542669
311,0.770492963
311,0.78174483
311,0.82680028
311,0.763903302
311,0.755085331
311,0.761601644
311,0.809705727
311,0.822350532
311,0.830062494
311,0.90196226
312,0.81101792
312,0.883150328
312,0.877209677
312,0.818846088
312,0.902669152
312,0.890011272
312,0.758888053
312,0.814494585
312,0.828274438
312,0.76415354
312,0.802698909
312,0.769045431
312,0.782302649
312,0.797164696
312,0.860183241
312,0.847873513
312,0.762101608
312,0.850473871
312,0.90241107
312,0.857362854
312,0.905881446
312,0.826722725
312,0.773541318
312,0.80099118
312,0.756849156
312,0.755659805
312,0.779802229
312,0.753140871
312,0.796921584
312,0.772284311
312,0.84176653
312,0.762699286
312,0.819289635
312,0.891476763
312,0.863406142
312,0.898577354
312,0.912697086
312,0.770819038
313,0.782114791
313,0.787781387
313,0.75271878
313,0.750373708
313,0.783146529
313,0.769555448
313,0.754200562
313,0.775047412
313,0.762460479
313,0.761823137
313,0.872126914
313,0.834063083
313,0.777794127
313,0.791824684
313,0.775644345
313,0.766742074
313,0.878498936
313,0.897382865
313,0.828702968
313,0.867535181
313,0.876655436
313,0.787234876
314,0.753960253
314,0.75098603
314,0.766063221
314,0.762585728
314,0.771493244
314,0.781232636
314,0.872177946
314,0.768645013
314,0.778818216
314,0.861453191
314,0.776626568
314,0.800618671
314,0.790411509
314,0.813490168
314,0.76424973
314,0.856349281
314,0.907226705
314,0.866396207
314,0.766597455
314,0.867264796
314,0.877702809
314,0.812173008
315,0.8340924
315,0.774455449
315,0.889731633
315,0.83688895
315,0.800985974
315,0.805146742
315,0.783060793
315,0.757746451
315,0.761390085
315,0.832671022
315,0.753499419
315,0.797695473
315,0.852197908
315,0.815267352
315,0.845977397
315,0.832987992
315,0.828869765
315,0.785024828
315,0.904151499
315,0.805921077
315,0.859529853
315,0.904948535
315,0.763282384
315,0.824656799
315,0.801386147
315,0.891712892
315,0.849871351
315,0.781223887
316,0.929876569
316,0.837531834
316,0.85993925
316,0.792472225
316,0.905198647
316,0.845928664
316,0.85581893
316,0.779013103
316,0.824131989
316,0.802147872
316,0.894247679
316,0.759158042
316,0.778003348
316,0.932122001
316,0.87984815
316,0.776448726
316,0.758529729
316,0.819302412
316,0.809732584
316,0.766531358
316,0.785129034
316,0.798349053
316,0.756128447
316,0.805898896
316,0.750937697
316,0.877906698
316,0.843332892
316,0.779061237
316,0.793195046
316,0.881698318
316,0.804945707
316,0.814292872
316,0.865439154
316,0.813645685
316,0.809552175
316,0.808725154
316,0.93241244
316,0.925647921
316,0.834617166
316,0.814133555
316,0.820309434
316,0.801121459
316,0.798346728
316,0.845623407
316,0.938180439
316,0.831371774
316,0.803426266
316,0.789632694
316,0.789236797
316,0.872205742
316,0.815862219
316,0.796915088
316,0.79065546
316,0.791109688
316,0.894803653
316,0.78354575
316,0.954883707
316,0.871548957
316,0.90860253
316,0.838258206
316,0.827407168
316,0.755349449
316,0.751482174
316,0.770536213
316,0.858887299
316,0.882435739
316,0.954482752
316,0.914733422
316,0.874186624
317,0.780500282
317,0.807657106
317,0.894754446
317,0.750930463
317,0.84097681
317,0.78285948
317,0.794103497
317,0.805278635
317,0.773635526
317,0.815552978
317,0.817785925
317,0.906011115
317,0.880866511
317,0.817985677
318,0.851023069
318,0.811292923
318,0.907561617
318,0.802714713
318,0.936187513
318,0.892271111
318,0.781775345
318,0.854745301
318,0.84658061
318,0.804651395
318,0.867180911
318,0.851061216
318,0.765557125
318,0.787269811
318,0.901744448
318,0.799143097
318,0.82815104
318,0.862703587
318,0.755282926
318,0.800401553
318,0.828583766
318,0.945681104
318,0.783089993
318,0.80176058
318,0.778142723
318,0.905390202
318,0.799062815
318,0.786505467
318,0.956961396
318,0.807962397
318,0.947180839
318,0.818459685
318,0.794232401
318,0.944505673
318,0.920413442
318,0.764013005
318,0.779840437
318,0.873345324
318,0.797251385
318,0.755186624
318,0.853240702
318,0.783404249
318,0.818450933
318,0.825717738
318,0.861923628
318,0.84049384
318,0.766890932
318,0.880532099
318,0.782147359
318,0.899135424
318,0.753728186
318,0.866127203
318,0.850585101
318,0.775487939
318,0.890787863
318,0.774052954
318,0.951654075
318,0.766818214
318,0.805455688
318,0.861431949
318,0.946111539
318,0.928321703
319,0.834276858
319,0.788680797
319,0.75217493
319,0.767969487
319,0.761857619
319,0.812528347
319,0.917605858
319,0.836235473
320,0.799304799
320,0.759911284
320,0.797029794
320,0.818939002
320,0.857087556
320,0.789320297
320,0.774487765
320,0.825584359
320,0.771987025
320,0.755705396
320,0.810697199
320,0.786604703
320,0.765367092
320,0.883738392
320,0.854775419
320,0.930384764
320,0.877850928
320,0.788427701
321,0.756195636
321,0.803085787
321,0.784873147
321,0.821210189
321,0.831961611
321,0.773429808
322,0.873428115
322,0.837552515
322,0.84500007
322,0.829579729
322,0.904598771
322,0.769188129
322,0.768087301
322,0.752151842
322,0.789607807
322,0.768272109
322,0.755677322
322,0.760365362
322,0.767177506
322,0.867798909
322,0.764584494
322,0.807950311
322,0.788415867
322,0.754205573
322,0.805552476
322,0.801838026
322,0.753288182
322,0.786272996
322,0.751769637
322,0.759960294
322,0.819422015
322,0.874448604
322,0.786346941
322,0.770751615
322,0.81803579
322,0.889441091
322,0.804056289
323,0.762838227
323,0.76697702
323,0.787625044
323,0.775989785
323,0.801575014
323,0.770057638
323,0.758809072
323,0.768705562
323,0.76763452
323,0.786029886
323,0.818741578
323,0.90862269
323,0.884070323
323,0.90060497
323,0.814032498
324,0.832388169
324,0.842740848
324,0.761371391
324,0.829460828
324,0.863260035
324,0.849195592
324,0.916456049
324,0.757488281
324,0.776308322
324,0.839137556
324,0.776762058
324,0.753713178
324,0.792720068
324,0.817133253
324,0.832387433
324,0.814345629
324,0.883358483
324,0.916449354
324,0.750439392
324,0.768490775
324,0.880639242
324,0.917555691
324,0.863013773
325,0.772328347
325,0.841002805
325,0.832864722
325,0.836289338
325,0.802384218
325,0.764056429
325,0.773728939
325,0.769950796
325,0.771453658
325,0.767152431
325,0.76788129
325,0.812608066
325,0.875840293
325,0.810845249
325,0.848350133
325,0.817808711
326,0.802137105
326,0.811230188
326,0.819734576
326,0.82336234
326,0.782900628
326,0.833711275
326,0.808164028
326,0.832638269
326,0.805055959
326,0.795586927
326,0.783944828
326,0.824844086
326,0.868984561
326,0.818086346
326,0.792444732
326,0.799266187
326,0.85184862
326,0.860013458
326,0.860372726
326,0.896257402
326,0.803300036
327,0.854198059
327,0.815020595
327,0.891198558
327,0.870735958
327,0.776328445
327,0.795872057
327,0.898383548
327,0.790872423
327,0.80608596
327,0.819099345
327,0.830175781
327,0.818634434
327,0.797770736
327,0.863443737
327,0.869526694
327,0.908336514
327,0.777924063
328,0.872184026
328,0.79099846
328,0.766528906
328,0.789847166
328,0.87029513
328,0.760053818
328,0.78791819
328,0.787657022
328,0.78196929
328,0.805593651
328,0.773745634
328,0.88290306
328,0.822557919
328,0.829325792
328,0.783896234
328,0.774940895
328,0.897623051
328,0.7798534
328,0.77560233
328,0.765735908
328,0.85536361
328,0.900401602
328,0.773086514
328,0.785465623
328,0.784571763
328,0.796582855
328,0.779453409
328,0.940273537
328,0.895409453
328,0.818889162
329,0.832432808
329,0.774372742
329,0.896787788
329,0.818398655
329,0.792760983
329,0.844293099
330,0.931614009
330,0.819404689
330,0.850635485
330,0.791716792
330,0.843550408
330,0.784358417
330,0.778782585
330,0.819264202
330,0.793521308
330,0.844498246
330,0.797429477
330,0.840207247
330,0.788967702
330,0.903122179
330,0.887891942
330,0.854678749
330,0.817931258
330,0.829782546
330,0.763965645
330,0.924138675
330,0.825045941
330,0.860061754
330,0.852302521
331,0.918852401
331,0.930367951
331,0.903030777
331,0.846493665
331,0.864234573
331,0.922333862
331,0.823093136
331,0.794422536
331,0.776032946
331,0.849970072
331,0.776731262
331,0.844029466
331,0.775252874
331,0.772599758
331,0.812224447
331,0.824229451
331,0.817521355
331,0.846466674
331,0.780431197
331,0.781698919
331,0.787638418
331,0.838194286
331,0.841023447
331,0.82950148
331,0.810737929
331,0.804110516
331,0.80951912
331,0.853017227
331,0.79567881
331,0.858468143
331,0.821406981
331,0.86734659
331,0.767308101
331,0.88421742
331,0.801739393
331,0.938536247
331,0.904906896
331,0.904028864
331,0.844700525
331,0.795309671
331,0.802911718
331,0.888126683
331,0.780771055
331,0.818954927
331,0.802202735
331,0.848122387
331,0.767067851
331,0.861190999
331,0.816234486
331,0.804538197
331,0.867383584
331,0.812833347
331,0.792473932
331,0.797461853
331,0.846595072
331,0.884088772
331,0.889717038
331,0.920823889
331,0.87156793
331,0.773151725
331,0.760581984
331,0.780969188
331,0.809376511
331,0.903114236
331,0.836190074
331,0.926361571
331,0.837392248
331,0.840285316
331,0.885224525
331,0.832588626
331,0.829208659
331,0.795702081
331,0.940723135
331,0.928871647
331,0.920673741
332,0.873548814
332,0.831446499
332,0.831737727
332,0.847809539
332,0.836546403
332,0.797704328
332,0.777570582
332,0.791310447
332,0.835603154
332,0.77800977
332,0.796968515
332,0.780635278
332,0.814738702
332,0.768318705
332,0.779898951
332,0.780893281
332,0.834920659
332,0.824208596
332,0.8388386
332,0.809311108
332,0.815625222
332,0.852621007
332,0.779392324
332,0.834421818
332,0.760781316
332,0.831493248
332,0.772374218
332,0.767734636
332,0.781301288
332,0.761198308
332,0.833778555
332,0.839219621
332,0.776952144
332,0.886921667
332,0.801854378
332,0.89873654
332,0.821062412
332,0.875043945
332,0.816518659
333,0.880487957
333,0.901540183
333,0.788930335
333,0.840889641
333,0.845289439
333,0.817767714
333,0.777312503
333,0.849951143
333,0.781454425
333,0.797796313
333,0.848709659
333,0.795982035
333,0.768337696
333,0.789167662
333,0.787903749
333,0.797049162
333,0.816055886
333,0.814827516
333,0.767590937
333,0.837441611
333,0.856072579
333,0.838562283
333,0.806224962
333,0.830963042
333,0.76876333
333,0.827565706
333,0.763321957
333,0.789098607
333,0.814700296
333,0.897721995
333,0.7655049
333,0.777657602
333,0.781407406
333,0.76988881
333,0.821364485
333,0.885507689
333,0.849049014
334,0.855450904
334,0.863703157
334,0.785395453
334,0.803196768
334,0.78486072
334,0.83511937
334,0.762299441
334,0.785464839
334,0.824511625
334,0.825596757
334,0.779609632
334,0.868331596
334,0.88928704
334,0.808935031
334,0.817253295
334,0.76333284
334,0.782667674
334,0.822352577
334,0.818924783
334,0.821882391
334,0.791485655
334,0.848798658
334,0.832618344
334,0.813530295
334,0.877907636
334,0.818062228
335,0.810579286
335,0.869334842
335,0.811424226
335,0.781546919
335,0.782333847
335,0.800940974
335,0.77268105
335,0.846048247
336,0.900668398
336,0.916087842
336,0.899557653
336,0.874699959
336,0.84075486
336,0.805110248
336,0.823848721
336,0.852242003
336,0.765814406
336,0.787211798
336,0.773718885
336,0.797352863
336,0.811562459
336,0.826836391
336,0.800123241
336,0.76003022
336,0.888385282
336,0.772091885
336,0.835108624
336,0.922429696
336,0.772251822
337,0.865217518
337,0.86499537
337,0.7973276
337,0.899147704
337,0.786092861
337,0.888326399
337,0.781854866
337,0.794060651
337,0.772444667
337,0.77050327
337,0.80373331
337,0.777804183
337,0.851699101
337,0.831032769
337,0.899550064
337,0.874084371
337,0.839430005
337,0.833387873
337,0.773690857
337,0.763243009
337,0.763403815
337,0.88798533
337,0.830490939
337,0.812889579
337,0.797305343
337,0.76895639
337,0.769542051
337,0.779424784
337,0.774426383
337,0.932671454
337,0.927606838
337,0.778441407
337,0.790835932
337,0.773321106
337,0.781943162
337,0.815115864
337,0.856729728
337,0.819884447
337,0.824305709
337,0.79631417
337,0.808358058
337,0.829866399
337,0.84543855
337,0.963224058
337,0.824016332
337,0.826754945
337,0.799828397
337,0.795070216
337,0.850325539
337,0.893938689
337,0.949759873
337,0.951151349
337,0.931180859
338,0.89932507
338,0.813277442
338,0.852035246
338,0.77310749
338,0.917171519
338,0.767954038
338,0.871382188
338,0.850577255
338,0.851772245
338,0.78375732
338,0.860128041
338,0.788650405
338,0.796721581
338,0.824708748
338,0.766649099
338,0.769268672
338,0.839032519
338,0.804340565
338,0.762886056
338,0.801777886
338,0.900322281
338,0.912692556
338,0.902676964
338,0.794659714
339,0.822869093
339,0.783268245
339,0.786640819
339,0.885385539
339,0.893712311
339,0.840969061
340,0.827968401
340,0.888489184
340,0.800971507
340,0.828805194
340,0.77310101
340,0.84106949
340,0.777848817
340,0.771423002
340,0.802180523
340,0.767117524
340,0.78144589
340,0.812174156
340,0.924131313
340,0.764236637
340,0.8982626
340,0.901516854
340,0.815029141
341,0.922983923
341,0.791901749
341,0.818557276
341,0.811900268
341,0.784922255
341,0.769453239
341,0.834299817
341,0.852064349
341,0.774083665
341,0.781756613
341,0.77160674
341,0.778456592
341,0.866711244
341,0.829030862
341,0.791815283
341,0.784147578
341,0.771505135
341,0.784711047
341,0.828768808
341,0.788965842
341,0.785690337
341,0.775043824
341,0.794636815
341,0.992701029
341,0.810438082
341,0.780217807
341,0.858442332
341,0.851627694
341,0.872892556
341,0.828329346
341,0.79056628
341,0.784513801
341,0.772705245
341,0.786556167
341,0.995956223
341,0.995276833
341,0.861212831
342,0.87649218
342,0.817010762
342,0.805104075
342,0.817639084
342,0.856413139
342,0.836777725
342,0.851540969
342,0.792989596
342,0.797405548
342,0.783293338
342,0.778139706
342,0.785846253
342,0.773491962
342,0.843994856
342,0.766285809
342,0.797106404
342,0.780904364
342,0.760608863
342,0.775619457
342,0.808441988
342,0.778186093
342,0.790091915
342,0.802493781
342,0.837362314
342,0.801964063
342,0.840546143
342,0.83665826
342,0.78953589
342,0.892976216
342,0.875700656
342,0.863750547
342,0.842171141
342,0.824779318
342,0.809358774
342,0.855353141
342,0.847643995
342,0.833722765
342,0.824377386
342,0.813738643
342,0.990558995
342,0.762114732
342,0.773740546
342,0.805766247
342,0.801605951
342,0.839753171
342,0.843801123
342,0.867194935
342,0.86596856
342,0.853222483
342,0.837494437
342,0.822509327
342,0.810428048
342,0.995806565
342,0.995300914
342,0.854526086
343,0.822484125
343,0.833434484
343,0.807490139
343,0.864975876
343,0.831437136
343,0.860888115
343,0.764525778
343,0.817330036
343,0.81309516
343,0.819707557
343,0.794636217
343,0.883818575
343,0.87165
343,0.853094016
344,0.823164327
344,0.822551378
344,0.760829955
344,0.764967164
344,0.770253111
344,0.790527392
344,0.869737016
344,0.869297368
344,0.769322337
344,0.829040406
344,0.761169921
344,0.890262538
344,0.905812545
345,0.766166503
345,0.867349138
345,0.971674688
345,0.833969682
345,0.855317024
345,0.820858958
345,0.848794525
345,0.874226761
346,0.767052237
346,0.838543215
346,0.774220891
346,0.77672878
346,0.876655131
346,0.873995184
346,0.805882838
346,0.783320898
346,0.767554114
346,0.773392228
346,0.788595111
346,0.794970111
346,0.810290032
346,0.772465295
346,0.761542561
346,0.894460938
346,0.89542669
347,0.770492963
347,0.78174483
347,0.82680028
347,0.763903302
347,0.761601644
347,0.809705727
347,0.822350532
347,0.830062494
347,0.90196226
348,0.81101792
348,0.883150328
348,0.877209677
348,0.818846088
348,0.902669152
348,0.890011272
348,0.814494585
348,0.828274438
348,0.76415354
348,0.802698909
348,0.769045431
348,0.782302649
348,0.797164696
348,0.860183241
348,0.847873513
348,0.762101608
348,0.850473871
348,0.90241107
348,0.857362854
348,0.905881446
348,0.826722725
348,0.773541318
348,0.80099118
348,0.779802229
348,0.796921584
348,0.772284311
348,0.84176653
348,0.762699286
348,0.819289635
348,0.891476763
348,0.863406142
348,0.898577354
348,0.912697086
348,0.770819038
349,0.782114791
349,0.787781387
349,0.783146529
349,0.769555448
349,0.775047412
349,0.762460479
349,0.761823137
349,0.872126914
349,0.834063083
349,0.777794127
349,0.791824684
349,0.775644345
349,0.766742074
349,0.878498936
349,0.897382865
349,0.828702968
349,0.867535181
349,0.876655436
349,0.787234876
350,0.766063221
350,0.762585728
350,0.771493244
350,0.781232636
350,0.872177946
350,0.768645013
350,0.778818216
350,0.861453191
350,0.776626568
350,0.800618671
350,0.790411509
350,0.813490168
350,0.76424973
350,0.856349281
350,0.907226705
350,0.866396207
350,0.766597455
350,0.867264796
350,0.877702809
350,0.812173008
351,0.8340924
351,0.774455449
351,0.889731633
351,0.83688895
351,0.800985974
351,0.805146742
351,0.783060793
351,0.761390085
351,0.832671022
351,0.797695473
351,0.852197908
351,0.815267352
351,0.845977397
351,0.832987992
351,0.828869765
351,0.785024828
351,0.904151499
351,0.805921077
351,0.859529853
351,0.904948535
351,0.763282384
351,0.824656799
351,0.801386147
351,0.891712892
351,0.849871351
351,0.781223887
352,0.929876569
352,0.837531834
352,0.85993925
352,0.792472225
352,0.905198647
352,0.845928664
352,0.85581893
352,0.779013103
352,0.824131989
352,0.802147872
352,0.894247679
352,0.778003348
352,0.932122001
352,0.87984815
352,0.776448726
352,0.819302412
352,0.809732584
352,0.766531358
352,0.785129034
352,0.798349053
352,0.805898896
352,0.877906698
352,0.843332892
352,0.779061237
352,0.793195046
352,0.881698318
352,0.804945707
352,0.814292872
352,0.865439154
352,0.813645685
352,0.809552175
352,0.808725154
352,0.93241244
352,0.925647921
352,0.834617166
352,0.814133555
352,0.820309434
352,0.801121459
352,0.798346728
352,0.845623407
352,0.938180439
352,0.831371774
352,0.803426266
352,0.789632694
352,0.789236797
352,0.872205742
352,0.815862219
352,0.796915088
352,0.79065546
352,0.791109688
352,0.894803653
352,0.78354575
352,0.954883707
352,0.871548957
352,0.90860253
352,0.838258206
352,0.827407168
352,0.770536213
352,0.858887299
352,0.882435739
352,0.954482752
352,0.914733422
352,0.874186624
353,0.780500282
353,0.807657106
353,0.894754446
353,0.84097681
353,0.78285948
353,0.794103497
353,0.805278635
353,0.773635526
353,0.815552978
353,0.817785925
353,0.906011115
353,0.880866511
353,0.817985677
354,0.851023069
354,0.811292923
354,0.907561617
354,0.802714713
354,0.936187513
354,0.892271111
354,0.781775345
354,0.854745301
354,0.84658061
354,0.804651395
354,0.867180911
354,0.851061216
354,0.765557125
354,0.787269811
354,0.901744448
354,0.799143097
354,0.82815104
354,0.862703587
354,0.800401553
354,0.828583766
354,0.945681104
354,0.783089993
354,0.80176058
354,0.778142723
354,0.905390202
354,0.799062815
354,0.786505467
354,0.956961396
354,0.807962397
354,0.947180839
354,0.818459685
354,0.794232401
354,0.944505673
354,0.920413442
354,0.764013005
354,0.779840437
354,0.873345324
354,0.797251385
354,0.853240702
354,0.783404249
354,0.818450933
354,0.825717738
354,0.861923628
354,0.84049384
354,0.766890932
354,0.880532099
354,0.782147359
354,0.899135424
354,0.866127203
354,0.850585101
354,0.775487939
354,0.890787863
354,0.774052954
354,0.951654075
354,0.766818214
354,0.805455688
354,0.861431949
354,0.946111539
354,0.928321703
355,0.834276858
355,0.788680797
355,0.767969487
355,0.761857619
355,0.812528347
355,0.917605858
355,0.836235473
356,0.799304799
356,0.797029794
356,0.818939002
356,0.857087556
356,0.789320297
356,0.774487765
356,0.825584359
356,0.771987025
356,0.810697199
356,0.786604703
356,0.765367092
356,0.883738392
356,0.854775419
356,0.930384764
356,0.877850928
356,0.788427701
357,0.803085787
357,0.784873147
357,0.821210189
357,0.831961611
357,0.773429808
358,0.873428115
358,0.837552515
358,0.84500007
358,0.829579729
358,0.904598771
358,0.769188129
358,0.768087301
358,0.789607807
358,0.768272109
358,0.760365362
358,0.767177506
358,0.867798909
358,0.764584494
358,0.807950311
358,0.788415867
358,0.805552476
358,0.801838026
358,0.786272996
358,0.819422015
358,0.874448604
358,0.786346941
358,0.770751615
358,0.81803579
358,0.889441091
358,0.804056289
359,0.762838227
359,0.76697702
359,0.787625044
359,0.775989785
359,0.801575014
359,0.770057638
359,0.768705562
359,0.76763452
359,0.786029886
359,0.818741578
359,0.90862269
359,0.884070323
359,0.90060497
359,0.814032498
360,0.832388169
360,0.842740848
360,0.761371391
360,0.829460828
360,0.863260035
360,0.849195592
360,0.916456049
360,0.776308322
360,0.839137556
360,0.776762058
360,0.792720068
360,0.817133253
360,0.832387433
360,0.814345629
360,0.883358483
360,0.916449354
360,0.768490775
360,0.880639242
360,0.917555691
360,0.863013773
