sessionId,source,target
361,1,2
361,1,3
361,1,20
361,3,4
361,3,20
361,3,23
361,4,20
361,20,23
361,22,23
361,22,24
361,23,24
362,1,2
362,1,3
362,1,4
362,1,6
362,1,7
362,1,8
362,1,10
362,2,3
362,2,4
362,2,7
362,3,4
362,4,5
362,4,7
362,5,12
362,6,7
362,6,8
362,6,10
362,6,11
362,7,9
362,7,11
362,8,10
362,8,13
362,9,11
362,18,20
362,19,21
362,19,22
362,19,24
362,20,22
362,20,23
362,21,22
362,21,24
362,22,24
363,1,2
363,1,3
363,1,4
363,1,5
363,1,6
363,1,20
363,1,21
363,1,22
363,1,23
363,1,24
363,2,3
363,2,4
363,2,6
363,2,18
363,2,20
363,2,21
363,2,22
363,2,23
363,2,24
363,3,4
363,3,5
363,3,6
363,3,21
363,3,24
363,4,5
363,4,6
363,4,20
363,4,21
363,4,22
363,4,23
363,4,24
363,5,24
363,6,19
363,6,20
363,6,21
363,6,24
363,7,9
363,7,11
363,18,20
363,18,23
363,19,21
363,20,21
363,20,22
363,20,23
363,20,24
363,21,22
363,21,24
363,22,23
363,22,24
363,23,24
364,1,2
364,1,3
364,1,6
364,1,7
364,1,15
364,1,17
364,1,18
364,1,19
364,1,21
364,1,24
364,2,3
364,2,4
364,2,6
364,2,7
364,2,15
364,2,17
364,2,18
364,2,19
364,2,21
364,2,24
364,3,4
364,3,5
364,3,6
364,3,17
364,3,18
364,3,19
364,3,20
364,3,21
364,3,22
364,3,23
364,3,24
364,4,5
364,4,18
364,4,19
364,4,20
364,4,21
364,4,22
364,4,23
364,4,24
364,5,20
364,5,22
364,5,23
364,6,7
364,6,10
364,6,17
364,6,19
364,6,21
364,6,24
364,7,15
364,7,17
364,7,18
364,7,19
364,7,20
364,7,21
364,7,24
364,8,10
364,15,17
364,15,18
364,16,19
364,17,18
364,17,19
364,17,21
364,17,24
364,18,19
364,18,20
364,18,21
364,18,22
364,18,23
364,18,24
364,19,21
364,19,24
364,20,21
364,20,22
364,20,23
364,20,24
364,21,22
364,21,23
364,21,24
364,22,23
364,22,24
364,23,24
365,1,2
365,2,4
365,2,7
365,2,17
365,6,8
365,6,10
365,7,11
365,8,10
366,1,2
366,1,4
366,1,7
366,1,8
366,1,10
366,2,4
366,2,7
366,2,8
366,2,10
366,4,7
366,4,8
366,4,10
366,6,8
366,6,10
366,7,9
366,7,10
366,7,11
366,8,10
366,8,13
366,9,11
366,10,13
366,13,15
366,22,23
366,22,24
366,23,24
367,1,2
367,1,3
367,1,4
367,1,6
367,1,7
367,1,9
367,1,17
367,1,18
367,1,19
367,1,20
367,1,21
367,1,22
367,1,23
367,1,24
367,2,3
367,2,4
367,2,9
367,2,17
367,2,18
367,2,19
367,2,20
367,2,21
367,2,22
367,2,23
367,2,24
367,3,4
367,3,5
367,3,6
367,3,7
367,3,9
367,3,17
367,3,18
367,3,19
367,3,20
367,3,21
367,3,22
367,3,23
367,3,24
367,4,5
367,4,7
367,4,9
367,4,18
367,4,19
367,4,20
367,4,21
367,4,22
367,4,23
367,4,24
367,5,20
367,5,23
367,5,24
367,6,8
367,6,17
367,6,19
367,6,21
367,6,23
367,7,9
367,7,18
367,7,20
367,8,10
367,8,19
367,9,11
367,9,18
367,9,20
367,9,23
367,9,24
367,15,18
367,17,19
367,18,20
367,18,23
367,19,20
367,19,21
367,19,22
367,19,23
367,19,24
367,20,21
367,20,22
367,20,23
367,20,24
367,21,22
367,21,23
367,21,24
367,22,23
367,22,24
367,23,24
368,1,2
368,1,3
368,1,4
368,1,6
368,1,7
368,1,17
368,1,18
368,1,19
368,1,20
368,1,21
368,2,4
368,2,7
368,2,17
368,2,18
368,2,20
368,2,21
368,3,4
368,3,5
368,3,7
368,3,9
368,3,17
368,3,18
368,3,19
368,3,20
368,3,21
368,3,22
368,3,23
368,3,24
368,4,5
368,4,7
368,4,9
368,4,18
368,4,20
368,4,21
368,4,22
368,4,23
368,4,24
368,5,20
368,5,22
368,5,23
368,5,24
368,6,8
368,6,10
368,6,17
368,6,19
368,7,11
368,7,17
368,7,18
368,7,20
368,7,21
368,8,10
368,8,19
368,9,20
368,9,23
368,15,18
368,17,18
368,17,19
368,18,20
368,19,21
368,20,22
368,20,23
368,20,24
368,21,22
368,21,23
368,21,24
368,22,23
368,22,24
368,23,24
369,1,2
369,1,3
369,1,5
369,1,6
369,1,7
369,1,16
369,1,18
369,1,20
369,1,21
369,2,3
369,2,7
369,2,18
369,2,20
369,2,21
369,3,5
369,3,6
369,3,20
369,3,21
369,3,22
369,3,24
369,4,18
369,4,21
369,4,24
369,5,24
369,6,7
369,6,19
369,7,17
369,7,18
369,7,20
369,7,21
369,15,18
369,18,20
369,20,21
369,20,22
369,21,22
369,21,24
369,22,24
369,23,24
370,1,2
370,1,3
370,1,5
370,1,6
370,1,7
370,1,9
370,2,3
370,2,4
370,2,7
370,2,9
370,3,4
370,3,5
370,3,6
370,3,7
370,3,8
370,3,9
370,4,7
370,4,9
370,5,8
370,5,12
370,6,7
370,6,8
370,6,9
370,7,8
370,7,9
370,8,9
370,8,13
370,17,18
370,17,20
370,17,21
370,18,20
370,19,21
370,19,24
370,20,21
370,20,22
370,20,23
370,20,24
370,21,22
370,21,24
370,22,23
370,22,24
370,23,24
371,1,2
371,1,3
371,3,4
371,3,5
371,6,10
371,7,11
371,22,23
372,1,2
372,1,3
372,2,3
372,2,4
372,2,5
372,2,21
372,3,4
372,3,5
372,3,21
372,4,5
372,4,20
372,4,21
372,4,22
372,5,22
372,5,23
372,5,24
372,6,8
372,6,10
372,6,17
372,6,19
372,7,11
372,8,10
372,16,19
372,18,20
372,19,21
372,21,22
372,21,24
372,22,23
372,22,24
372,23,24
373,1,2
373,1,3
373,1,4
373,1,18
373,1,19
373,1,20
373,1,21
373,1,22
373,1,23
373,1,24
373,2,4
373,2,20
373,2,21
373,2,22
373,2,23
373,2,24
373,3,5
373,3,19
373,3,20
373,3,21
373,3,22
373,3,23
373,3,24
373,4,20
373,4,21
373,4,22
373,4,23
373,4,24
373,6,10
373,6,19
373,7,9
373,17,20
373,17,21
373,18,19
373,19,20
373,19,21
373,19,24
373,20,21
373,20,22
373,20,23
373,20,24
373,21,22
373,21,23
373,21,24
373,22,23
373,22,24
373,23,24
374,1,2
374,1,3
374,1,4
374,1,5
374,1,12
374,2,3
374,2,4
374,2,7
374,3,4
374,3,5
374,4,5
374,4,7
374,4,9
374,6,8
374,6,10
374,6,12
374,7,9
374,8,10
374,8,13
374,9,11
374,9,14
374,10,12
374,10,13
374,17,21
374,18,20
374,19,21
374,20,21
374,20,22
374,20,23
374,20,24
374,21,24
374,22,23
374,22,24
374,23,24
375,1,2
375,1,21
375,1,24
375,2,7
375,3,4
375,3,5
375,6,8
375,18,20
375,19,21
375,20,22
375,20,23
375,21,24
375,22,23
375,22,24
376,1,2
376,1,6
376,1,20
376,1,21
376,1,24
376,2,20
376,2,21
376,2,22
376,2,24
376,3,4
376,3,5
376,3,20
376,3,21
376,3,22
376,3,23
376,3,24
376,4,20
376,4,21
376,4,22
376,4,23
376,4,24
376,6,8
376,6,10
376,7,9
376,7,11
376,8,10
376,16,19
376,17,19
376,18,20
376,19,21
376,20,22
376,20,23
376,21,22
376,21,24
376,22,23
376,22,24
376,23,24
377,1,2
377,1,3
377,1,4
377,1,21
377,1,22
377,1,23
377,1,24
377,2,3
377,2,4
377,3,4
377,3,21
377,3,22
377,3,23
377,3,24
377,4,20
377,4,21
377,4,22
377,4,23
377,4,24
377,6,8
377,6,10
377,7,9
377,7,11
377,8,10
377,18,20
377,20,23
377,21,22
377,21,23
377,21,24
377,22,23
377,22,24
377,23,24
378,1,3
378,1,6
378,1,7
378,1,17
378,1,19
378,1,20
378,1,21
378,1,22
378,1,23
378,1,24
378,2,15
378,2,18
378,3,4
378,3,5
378,3,17
378,3,19
378,3,20
378,3,21
378,3,22
378,3,23
378,3,24
378,4,5
378,4,18
378,4,20
378,4,21
378,4,22
378,4,24
378,5,21
378,5,22
378,5,24
378,6,7
378,6,8
378,6,10
378,6,17
378,7,11
378,7,17
378,7,20
378,8,10
378,15,18
378,17,20
378,18,20
378,20,21
378,20,22
378,20,23
378,20,24
378,21,22
378,21,23
378,21,24
378,22,23
378,22,24
378,23,24
379,1,3
379,2,4
379,2,18
379,6,10
379,6,17
379,7,9
379,7,11
379,8,10
379,18,20
379,19,21
379,20,21
379,20,22
379,20,23
379,21,22
379,21,24
379,22,23
379,22,24
379,23,24
380,1,2
380,1,6
380,1,16
380,3,19
380,3,21
380,6,10
380,6,16
380,8,10
380,14,16
380,16,19
380,19,21
380,21,22
380,21,23
380,21,24
380,22,23
380,22,24
380,23,24
381,2,4
381,4,5
381,5,22
381,6,8
381,6,10
381,7,9
381,7,11
381,8,10
381,9,11
381,16,19
381,17,19
381,19,21
381,21,22
381,21,24
381,22,24
382,1,2
382,1,3
382,1,4
382,1,6
382,1,8
382,1,17
382,1,19
382,1,21
382,2,4
382,2,6
382,2,17
382,2,19
382,2,21
382,3,5
382,4,5
382,4,20
382,4,21
382,6,8
382,6,10
382,7,11
382,8,10
382,8,21
382,9,11
382,17,19
382,18,20
382,21,22
382,21,24
382,22,23
382,22,24
383,2,4
383,6,10
383,6,16
383,6,17
383,6,19
383,7,11
383,9,11
383,14,16
383,16,19
383,17,19
383,19,21
383,20,23
383,21,22
383,21,24
383,22,23
383,22,24
383,23,24
384,1,3
384,1,6
384,1,7
384,1,8
384,1,10
384,1,11
384,2,3
384,2,4
384,2,7
384,3,4
384,3,5
384,4,5
384,4,7
384,6,8
384,6,10
384,7,9
384,7,11
384,8,10
384,8,13
384,9,11
384,9,14
384,10,11
384,13,15
384,14,16
384,16,19
384,17,20
384,17,21
384,17,22
384,17,24
384,19,21
384,19,24
384,20,21
384,20,22
384,20,23
384,20,24
384,21,22
384,21,23
384,21,24
384,22,23
384,22,24
384,23,24
385,1,2
385,1,3
385,1,20
385,1,21
385,1,22
385,1,24
385,2,4
385,2,7
385,2,20
385,2,23
385,4,20
385,4,22
385,4,23
385,6,10
385,7,9
385,7,18
385,9,18
385,15,18
385,18,20
385,19,21
385,20,23
385,21,22
385,21,24
385,22,23
385,22,24
385,23,24
386,1,2
386,1,3
386,1,4
386,1,20
386,1,21
386,1,22
386,1,23
386,1,24
386,2,4
386,2,7
386,2,20
386,2,21
386,2,22
386,2,23
386,2,24
386,3,4
386,3,5
386,3,21
386,3,24
386,4,5
386,4,20
386,4,21
386,4,22
386,4,23
386,4,24
386,7,17
386,7,18
386,9,18
386,9,20
386,15,18
386,18,20
386,19,21
386,20,21
386,20,22
386,20,23
386,21,22
386,21,23
386,21,24
386,22,23
386,22,24
386,23,24
387,1,2
387,1,4
387,1,19
387,1,21
387,2,3
387,2,4
387,2,18
387,2,19
387,2,21
387,2,24
387,3,4
387,4,18
387,4,19
387,4,20
387,4,21
387,4,24
387,6,8
387,6,10
387,16,19
387,16,21
387,19,21
387,20,22
387,20,23
387,20,24
387,21,24
387,22,23
387,22,24
388,1,2
388,1,3
388,1,4
388,1,6
388,1,7
388,1,8
388,1,9
388,1,11
388,1,15
388,1,16
388,1,17
388,1,18
388,1,19
388,1,20
388,1,21
388,1,22
388,1,23
388,1,24
388,2,3
388,2,4
388,2,5
388,2,6
388,2,7
388,2,9
388,2,15
388,2,16
388,2,17
388,2,18
388,2,19
388,2,20
388,2,21
388,2,22
388,2,23
388,2,24
388,3,4
388,3,5
388,3,6
388,3,7
388,3,15
388,3,16
388,3,17
388,3,18
388,3,19
388,3,20
388,3,21
388,3,22
388,3,23
388,3,24
388,4,5
388,4,6
388,4,7
388,4,9
388,4,15
388,4,16
388,4,17
388,4,18
388,4,19
388,4,20
388,4,21
388,4,22
388,4,23
388,4,24
388,5,20
388,5,22
388,5,23
388,5,24
388,6,7
388,6,8
388,6,9
388,6,11
388,6,15
388,6,16
388,6,17
388,6,18
388,6,19
388,6,20
388,6,21
388,6,22
388,6,23
388,6,24
388,7,9
388,7,11
388,7,15
388,7,16
388,7,17
388,7,18
388,7,19
388,7,20
388,7,21
388,7,22
388,7,23
388,7,24
388,8,19
388,8,21
388,8,24
388,9,17
388,9,18
388,9,20
388,9,21
388,9,22
388,9,23
388,9,24
388,11,15
388,11,17
388,15,17
388,15,18
388,15,20
388,15,21
388,16,17
388,16,18
388,16,19
388,16,20
388,16,21
388,16,24
388,17,18
388,17,19
388,17,20
388,17,21
388,17,22
388,17,23
388,17,24
388,18,19
388,18,20
388,18,21
388,18,22
388,18,23
388,18,24
388,19,20
388,19,21
388,19,22
388,19,23
388,19,24
388,20,21
388,20,22
388,20,23
388,20,24
388,21,22
388,21,23
388,21,24
388,22,23
388,22,24
388,23,24
389,1,2
389,1,3
389,2,4
389,6,8
389,6,10
389,7,11
389,18,20
389,19,21
389,20,23
389,22,23
389,22,24
389,23,24
390,2,3
390,2,4
390,2,6
390,2,7
390,3,4
390,3,5
390,4,5
390,4,7
390,6,7
390,6,8
390,6,10
390,7,10
390,7,11
390,8,10
390,8,13
390,9,11
390,13,15
390,14,16
390,15,18
390,16,19
390,18,20
390,18,23
390,19,21
390,19,24
390,20,22
390,20,23
390,20,24
390,21,22
390,21,24
390,22,23
390,22,24
390,23,24
391,1,3
391,3,5
391,6,10
391,20,23
391,21,24
391,22,23
391,23,24
392,1,2
392,1,3
392,1,4
392,1,20
392,1,21
392,1,22
392,1,23
392,1,24
392,2,4
392,2,20
392,2,21
392,2,23
392,2,24
392,3,4
392,3,5
392,3,20
392,3,21
392,3,24
392,4,5
392,4,20
392,4,21
392,4,22
392,4,23
392,4,24
392,19,21
392,20,21
392,20,22
392,20,23
392,20,24
392,21,22
392,21,23
392,21,24
392,22,23
392,22,24
392,23,24
395,4,5
395,7,9
395,7,11
395,8,10
395,9,11
395,9,18
395,19,21
395,20,23
395,21,22
395,21,24
395,22,23
395,22,24
395,23,24
396,1,3
396,3,4
396,3,5
396,3,6
396,4,5
396,4,9
396,6,8
396,6,9
396,6,10
396,6,11
396,7,9
396,7,11
396,8,10
396,9,11
396,9,14
396,10,11
396,20,23
396,21,24
396,22,23
396,22,24
396,23,24
397,1,3
397,1,20
397,3,4
397,3,20
397,3,23
397,20,23
397,22,23
397,22,24
397,23,24
398,1,2
398,1,3
398,1,4
398,1,6
398,1,7
398,1,8
398,1,10
398,2,3
398,2,4
398,2,7
398,3,4
398,4,5
398,4,7
398,6,7
398,6,8
398,6,10
398,6,11
398,7,9
398,7,11
398,8,10
398,8,13
398,18,20
398,19,21
398,19,22
398,19,24
398,20,22
398,20,23
398,21,22
398,21,24
398,22,24
399,1,2
399,1,3
399,1,4
399,1,5
399,1,6
399,1,20
399,1,21
399,1,22
399,1,23
399,1,24
399,2,4
399,2,6
399,2,18
399,2,20
399,2,21
399,2,22
399,2,24
399,3,4
399,3,5
399,3,6
399,3,21
399,3,24
399,4,5
399,4,6
399,4,20
399,4,21
399,4,24
399,6,19
399,6,20
399,6,21
399,6,24
399,7,11
399,18,20
399,18,23
399,19,21
399,20,21
399,20,22
399,20,23
399,20,24
399,21,22
399,21,24
399,22,23
399,22,24
399,23,24
400,1,2
400,1,3
400,1,6
400,1,7
400,1,15
400,1,17
400,1,18
400,1,19
400,1,21
400,1,24
400,2,3
400,2,4
400,2,6
400,2,7
400,2,15
400,2,17
400,2,18
400,2,19
400,2,21
400,2,24
400,3,4
400,3,5
400,3,6
400,3,17
400,3,18
400,3,19
400,3,20
400,3,21
400,3,22
400,3,23
400,3,24
400,4,5
400,4,18
400,4,19
400,4,20
400,4,21
400,4,22
400,4,23
400,4,24
400,5,22
400,5,23
400,6,7
400,6,10
400,6,17
400,6,19
400,6,21
400,6,24
400,7,15
400,7,17
400,7,18
400,7,19
400,7,20
400,7,21
400,7,24
400,8,10
400,15,17
400,15,18
400,16,19
400,17,18
400,17,19
400,17,21
400,17,24
400,18,20
400,18,21
400,18,22
400,18,23
400,18,24
400,19,21
400,19,24
400,20,21
400,20,22
400,20,23
400,20,24
400,21,22
400,21,23
400,21,24
400,22,23
400,22,24
400,23,24
401,1,2
401,2,4
401,2,7
401,6,8
401,6,10
401,7,11
401,8,10
402,1,2
402,1,4
402,1,7
402,1,8
402,1,10
402,2,4
402,2,7
402,2,8
402,2,10
402,4,7
402,4,8
402,4,10
402,6,8
402,6,10
402,7,9
402,7,10
402,7,11
402,8,10
402,8,13
402,9,11
402,10,13
402,13,15
402,22,23
402,22,24
402,23,24
403,1,2
403,1,3
403,1,4
403,1,6
403,1,7
403,1,9
403,1,17
403,1,18
403,1,19
403,1,20
403,1,21
403,1,22
403,1,23
403,1,24
403,2,3
403,2,4
403,2,18
403,2,19
403,2,20
403,2,21
403,2,22
403,2,23
403,2,24
403,3,4
403,3,5
403,3,6
403,3,7
403,3,9
403,3,17
403,3,18
403,3,19
403,3,20
403,3,21
403,3,22
403,3,23
403,3,24
403,4,5
403,4,9
403,4,18
403,4,19
403,4,20
403,4,21
403,4,22
403,4,23
403,4,24
403,5,23
403,5,24
403,6,8
403,6,17
403,6,19
403,7,9
403,7,18
403,7,20
403,8,10
403,9,11
403,9,18
403,9,20
403,15,18
403,17,19
403,18,20
403,18,23
403,19,20
403,19,21
403,19,22
403,19,23
403,19,24
403,20,21
403,20,22
403,20,23
403,20,24
403,21,22
403,21,23
403,21,24
403,22,23
403,22,24
403,23,24
404,1,2
404,1,3
404,1,4
404,1,7
404,1,17
404,1,18
404,1,19
404,1,20
404,1,21
404,2,4
404,2,7
404,2,17
404,2,18
404,2,20
404,2,21
404,3,4
404,3,5
404,3,7
404,3,17
404,3,18
404,3,19
404,3,20
404,3,21
404,3,22
404,3,23
404,3,24
404,4,5
404,4,7
404,4,9
404,4,18
404,4,20
404,4,21
404,4,22
404,4,23
404,4,24
404,5,20
404,5,22
404,5,23
404,5,24
404,6,8
404,6,10
404,6,17
404,6,19
404,7,11
404,7,17
404,7,18
404,7,20
404,7,21
404,8,10
404,8,19
404,9,23
404,15,18
404,17,18
404,17,19
404,18,20
404,19,21
404,20,22
404,20,23
404,20,24
404,21,22
404,21,23
404,21,24
404,22,23
404,22,24
404,23,24
405,1,2
405,1,3
405,1,6
405,1,7
405,1,18
405,1,20
405,1,21
405,2,3
405,2,7
405,2,18
405,2,20
405,2,21
405,3,5
405,3,20
405,3,21
405,3,22
405,3,24
405,5,24
405,6,7
405,6,19
405,7,18
405,7,20
405,15,18
405,18,20
405,20,21
405,20,22
405,21,22
405,21,24
405,22,24
405,23,24
406,1,2
406,1,3
406,1,5
406,1,6
406,1,7
406,1,9
406,2,3
406,2,4
406,2,7
406,2,9
406,3,4
406,3,5
406,3,6
406,3,7
406,3,8
406,3,9
406,4,7
406,4,9
406,5,12
406,6,7
406,6,8
406,6,9
406,7,8
406,7,9
406,8,9
406,8,13
406,17,18
406,17,20
406,18,20
406,19,21
406,19,24
406,20,21
406,20,22
406,20,23
406,20,24
406,21,22
406,21,24
406,22,23
406,22,24
406,23,24
407,1,3
407,3,5
407,7,11
407,22,23
408,1,2
408,1,3
408,2,3
408,2,4
408,2,5
408,2,21
408,3,4
408,3,5
408,3,21
408,4,5
408,4,20
408,4,22
408,5,22
408,5,23
408,5,24
408,6,8
408,6,10
408,7,11
408,8,10
408,16,19
408,18,20
408,19,21
408,21,22
408,21,24
408,22,23
408,22,24
408,23,24
409,1,2
409,1,3
409,1,4
409,1,18
409,1,19
409,1,20
409,1,21
409,1,22
409,1,23
409,1,24
409,2,4
409,2,20
409,2,21
409,2,22
409,2,23
409,2,24
409,3,5
409,3,20
409,3,21
409,3,23
409,3,24
409,4,20
409,4,21
409,4,22
409,4,23
409,4,24
409,6,10
409,6,19
409,7,9
409,17,21
409,18,19
409,19,20
409,19,21
409,19,24
409,20,21
409,20,22
409,20,23
409,20,24
409,21,22
409,21,23
409,21,24
409,22,23
409,22,24
409,23,24
410,1,2
410,1,3
410,1,4
410,1,5
410,1,12
410,2,3
410,2,4
410,2,7
410,3,4
410,3,5
410,4,5
410,4,7
410,4,9
410,6,10
410,6,12
410,7,9
410,8,10
410,8,13
410,9,11
410,9,14
410,10,13
410,17,21
410,18,20
410,19,21
410,20,23
410,20,24
410,21,24
410,22,23
410,22,24
410,23,24
411,1,2
411,1,21
411,2,7
411,3,5
411,18,20
411,19,21
411,20,23
411,21,24
411,22,23
411,22,24
412,1,2
412,1,6
412,1,21
412,1,24
412,2,20
412,2,21
412,2,22
412,3,4
412,3,5
412,3,20
412,3,21
412,3,22
412,3,24
412,4,20
412,4,21
412,4,22
412,4,23
412,4,24
412,6,8
412,6,10
412,7,9
412,7,11
412,8,10
412,17,19
412,19,21
412,20,22
412,20,23
412,21,22
412,21,24
412,22,23
412,22,24
412,23,24
413,1,2
413,1,3
413,1,4
413,1,21
413,1,22
413,1,23
413,1,24
413,2,3
413,2,4
413,3,4
413,3,21
413,3,22
413,3,23
413,3,24
413,4,20
413,4,21
413,4,22
413,4,23
413,4,24
413,6,8
413,6,10
413,7,9
413,8,10
413,18,20
413,20,23
413,21,22
413,21,23
413,21,24
413,22,23
413,22,24
413,23,24
414,1,3
414,1,6
414,1,7
414,1,17
414,1,19
414,1,20
414,1,21
414,1,22
414,1,23
414,1,24
414,2,15
414,2,18
414,3,4
414,3,5
414,3,17
414,3,20
414,3,21
414,3,22
414,3,23
414,3,24
414,4,5
414,4,18
414,4,20
414,4,21
414,4,22
414,4,24
414,5,21
414,5,22
414,5,24
414,6,7
414,6,8
414,6,10
414,7,11
414,7,17
414,7,20
414,8,10
414,15,18
414,17,20
414,18,20
414,20,21
414,20,22
414,20,23
414,20,24
414,21,22
414,21,23
414,21,24
414,22,23
414,22,24
414,23,24
415,2,4
415,2,18
415,6,10
415,6,17
415,7,9
415,7,11
415,8,10
415,19,21
415,20,21
415,20,22
415,20,23
415,21,22
415,21,24
415,22,23
415,22,24
415,23,24
416,1,2
416,1,6
416,1,16
416,3,19
416,3,21
416,6,10
416,6,16
416,8,10
416,14,16
416,16,19
416,19,21
416,21,22
416,21,23
416,21,24
416,22,23
416,22,24
416,23,24
417,2,4
417,4,5
417,6,8
417,6,10
417,7,9
417,7,11
417,8,10
417,9,11
417,16,19
417,17,19
417,21,22
417,21,24
417,22,24
418,1,2
418,1,3
418,1,4
418,1,6
418,1,8
418,1,17
418,1,19
418,1,21
418,2,4
418,2,6
418,2,17
418,2,19
418,2,21
418,3,5
418,4,20
418,4,21
418,6,8
418,6,10
418,7,11
418,8,10
418,8,21
418,17,19
418,18,20
418,21,22
418,21,24
418,22,24
419,2,4
419,6,10
419,6,16
419,6,17
419,6,19
419,7,11
419,9,11
419,14,16
419,16,19
419,17,19
419,19,21
419,20,23
419,21,22
419,21,24
419,22,23
419,22,24
419,23,24
420,1,3
420,1,7
420,1,8
420,1,10
420,1,11
420,2,3
420,2,4
420,2,7
420,3,4
420,3,5
420,4,5
420,4,7
420,6,8
420,6,10
420,7,9
420,7,11
420,8,10
420,8,13
420,9,11
420,9,14
420,13,15
420,14,16
420,16,19
420,17,20
420,17,21
420,19,21
420,19,24
420,20,21
420,20,22
420,20,23
420,20,24
420,21,22
420,21,23
420,21,24
420,22,23
420,22,24
420,23,24
421,1,2
421,1,3
421,1,20
421,1,21
421,1,22
421,1,24
421,2,4
421,2,20
421,4,20
421,4,22
421,4,23
421,6,10
421,7,9
421,7,18
421,9,18
421,15,18
421,18,20
421,20,23
421,21,22
421,21,24
421,22,23
421,22,24
421,23,24
422,1,3
422,1,4
422,1,20
422,1,21
422,1,22
422,1,23
422,1,24
422,2,4
422,2,7
422,2,20
422,2,21
422,2,22
422,2,23
422,2,24
422,3,4
422,3,5
422,3,21
422,3,24
422,4,5
422,4,20
422,4,21
422,4,22
422,4,23
422,4,24
422,7,17
422,7,18
422,9,18
422,9,20
422,15,18
422,18,20
422,19,21
422,20,21
422,20,22
422,20,23
422,21,22
422,21,23
422,21,24
422,22,23
422,22,24
422,23,24
423,1,2
423,1,4
423,1,19
423,1,21
423,2,4
423,2,18
423,2,19
423,2,21
423,2,24
423,3,4
423,4,20
423,4,21
423,4,24
423,6,8
423,6,10
423,16,19
423,16,21
423,19,21
423,20,22
423,20,23
423,20,24
423,21,24
423,22,23
423,22,24
424,1,2
424,1,3
424,1,4
424,1,6
424,1,7
424,1,9
424,1,15
424,1,16
424,1,17
424,1,18
424,1,19
424,1,20
424,1,21
424,1,22
424,1,23
424,1,24
424,2,3
424,2,4
424,2,6
424,2,7
424,2,9
424,2,15
424,2,16
424,2,17
424,2,18
424,2,19
424,2,20
424,2,21
424,2,22
424,2,23
424,2,24
424,3,4
424,3,5
424,3,6
424,3,7
424,3,15
424,3,16
424,3,17
424,3,18
424,3,19
424,3,20
424,3,21
424,3,22
424,3,23
424,3,24
424,4,6
424,4,7
424,4,9
424,4,15
424,4,16
424,4,17
424,4,18
424,4,19
424,4,20
424,4,21
424,4,22
424,4,23
424,4,24
424,5,22
424,5,23
424,5,24
424,6,7
424,6,8
424,6,9
424,6,11
424,6,15
424,6,16
424,6,17
424,6,18
424,6,19
424,6,20
424,6,21
424,6,22
424,6,23
424,6,24
424,7,9
424,7,11
424,7,15
424,7,16
424,7,17
424,7,18
424,7,19
424,7,20
424,7,21
424,7,22
424,7,23
424,7,24
424,8,19
424,8,21
424,8,24
424,9,17
424,9,18
424,9,20
424,9,21
424,9,22
424,9,23
424,9,24
424,11,15
424,11,17
424,15,17
424,15,18
424,15,21
424,16,17
424,16,18
424,16,19
424,16,20
424,16,21
424,16,24
424,17,18
424,17,19
424,17,20
424,17,21
424,17,22
424,17,23
424,17,24
424,18,19
424,18,20
424,18,21
424,18,22
424,18,23
424,18,24
424,19,20
424,19,21
424,19,22
424,19,23
424,19,24
424,20,21
424,20,22
424,20,23
424,20,24
424,21,22
424,21,23
424,21,24
424,22,23
424,22,24
424,23,24
425,1,3
425,2,4
425,6,8
425,6,10
425,7,11
425,18,20
425,22,23
425,22,24
425,23,24
426,2,3
426,2,4
426,2,6
426,2,7
426,3,4
426,4,5
426,4,7
426,6,7
426,6,8
426,6,10
426,7,11
426,8,10
426,8,13
426,9,11
426,14,16
426,15,18
426,18,20
426,18,23
426,19,21
426,20,22
426,20,23
426,20,24
426,21,22
426,21,24
426,22,23
426,22,24
426,23,24
427,1,3
427,3,5
427,6,10
427,20,23
427,21,24
427,22,23
428,1,2
428,1,3
428,1,4
428,1,20
428,1,21
428,1,22
428,1,23
428,1,24
428,2,4
428,2,20
428,2,21
428,2,23
428,3,4
428,3,5
428,3,20
428,3,21
428,3,24
428,4,5
428,4,20
428,4,21
428,4,22
428,4,23
428,4,24
428,19,21
428,20,21
428,20,22
428,20,23
428,20,24
428,21,22
428,21,23
428,21,24
428,22,23
428,22,24
428,23,24
431,4,5
431,7,9
431,8,10
431,9,11
431,9,18
431,19,21
431,20,23
431,21,22
431,21,24
431,22,23
431,22,24
431,23,24
432,1,3
432,3,4
432,3,5
432,4,5
432,4,9
432,6,8
432,6,10
432,6,11
432,7,9
432,7,11
432,8,10
432,9,11
432,9,14
432,10,11
432,20,23
432,21,24
432,22,23
432,22,24
432,23,24
433,1,3
433,1,20
433,3,4
433,3,20
433,3,23
433,20,23
433,22,23
433,23,24
434,1,3
434,1,20
434,3,4
434,3,20
434,3,23
434,20,23
434,22,23
434,23,24
434,1,2
434,1,3
434,1,4
434,1,6
434,1,7
434,1,8
434,1,10
434,2,4
434,2,7
434,3,4
434,4,5
434,4,7
434,6,7
434,6,8
434,6,10
434,6,11
434,7,9
434,7,11
434,8,10
434,8,13
435,18,20
435,19,21
435,19,22
435,19,24
435,20,23
435,21,22
435,21,24
435,22,24
435,1,23
435,1,24
435,2,4
435,2,6
435,2,20
435,2,21
435,2,22
435,2,24
435,3,4
435,3,5
435,3,6
435,3,24
435,4,5
435,4,6
435,4,20
435,4,21
435,4,24
435,6,20
435,6,21
435,6,24
435,7,11
435,18,20
435,19,21
435,20,22
435,20,23
435,20,24
435,21,22
435,21,24
435,22,23
435,22,24
435,23,24
436,1,2
436,1,3
436,1,6
436,1,15
436,1,17
436,1,18
436,1,19
436,1,21
436,1,24
436,2,3
436,2,4
436,2,6
436,2,7
436,2,15
436,2,17
436,2,18
436,2,19
436,2,21
436,2,24
436,3,4
436,3,5
436,3,6
436,3,17
436,3,18
436,3,19
436,3,20
436,3,21
436,3,22
436,3,23
436,3,24
436,4,5
436,4,18
436,4,19
436,4,20
436,4,21
436,4,23
436,4,24
436,6,7
436,6,10
436,6,17
436,6,19
436,6,21
436,6,24
436,7,15
436,7,17
436,7,18
436,7,19
436,7,20
436,7,21
436,7,24
436,8,10
436,15,17
436,15,18
436,16,19
436,17,18
436,17,19
436,17,21
436,17,24
436,18,20
436,18,21
436,18,22
436,18,23
436,18,24
436,19,21
436,19,24
436,20,21
436,20,22
436,20,23
436,20,24
436,21,22
436,21,23
436,21,24
436,22,23
436,22,24
436,23,24
437,1,2
437,2,4
437,6,8
437,6,10
437,8,10
438,1,2
438,1,4
438,1,7
438,1,8
438,1,10
438,2,4
438,2,7
438,2,8
438,2,10
438,4,7
438,4,8
438,4,10
438,6,8
438,6,10
438,7,9
438,7,10
438,7,11
438,8,10
438,8,13
438,9,11
438,10,13
438,13,15
438,22,23
439,1,2
439,1,3
439,1,4
439,1,6
439,1,7
439,1,9
439,1,17
439,1,18
439,1,19
439,1,20
439,1,21
439,1,22
439,1,23
439,1,24
439,2,3
439,2,4
439,2,18
439,2,19
439,2,20
439,2,21
439,2,22
439,2,23
439,2,24
439,3,4
439,3,5
439,3,6
439,3,7
439,3,9
439,3,17
439,3,18
439,3,19
439,3,20
439,3,21
439,3,22
439,3,23
439,3,24
439,4,5
439,4,9
439,4,18
439,4,19
439,4,20
439,4,21
439,4,22
439,4,23
439,4,24
439,5,23
439,5,24
439,6,8
439,6,17
439,6,19
439,7,9
439,7,18
439,8,10
439,9,11
439,9,18
439,9,20
439,15,18
439,17,19
439,18,20
439,18,23
439,19,20
439,19,21
439,19,22
439,19,23
439,19,24
439,20,21
439,20,22
439,20,23
439,20,24
439,21,22
439,21,23
439,21,24
439,22,23
439,22,24
439,23,24
440,1,2
440,1,3
440,1,4
440,1,7
440,1,17
440,1,18
440,1,19
440,1,20
440,1,21
440,2,4
440,2,7
440,2,17
440,2,18
440,2,21
440,3,4
440,3,5
440,3,7
440,3,17
440,3,18
440,3,19
440,3,20
440,3,21
440,3,22
440,3,23
440,3,24
440,4,5
440,4,7
440,4,9
440,4,18
440,4,20
440,4,21
440,4,22
440,4,23
440,4,24
440,5,22
440,5,23
440,5,24
440,6,8
440,6,10
440,6,17
440,6,19
440,7,11
440,7,17
440,7,18
440,7,20
440,8,10
440,8,19
440,9,23
440,17,19
440,18,20
440,19,21
440,20,22
440,20,23
440,21,22
440,21,23
440,21,24
440,22,23
440,22,24
440,23,24
441,1,2
441,1,3
441,1,6
441,1,18
441,1,20
441,1,21
441,2,18
441,2,20
441,3,5
441,3,20
441,3,21
441,3,22
441,3,24
441,5,24
441,6,7
441,7,18
441,7,20
441,15,18
441,18,20
441,20,21
441,20,22
441,21,22
441,21,24
441,22,24
442,1,2
442,1,3
442,1,5
442,1,6
442,1,7
442,1,9
442,2,3
442,2,4
442,2,7
442,2,9
442,3,5
442,3,6
442,3,8
442,3,9
442,4,9
442,6,7
442,6,8
442,6,9
442,7,9
442,8,9
442,8,13
442,17,18
442,18,20
442,20,21
442,20,22
442,20,23
442,20,24
442,21,22
442,21,24
442,22,23
442,22,24
442,23,24
443,1,3
443,3,5
443,7,11
443,22,23
444,1,2
444,1,3
444,2,3
444,2,4
444,2,5
444,2,21
444,3,4
444,3,5
444,3,21
444,4,5
444,5,22
444,5,24
444,6,8
444,6,10
444,7,11
444,8,10
444,16,19
444,18,20
444,19,21
444,21,22
444,21,24
444,22,23
444,22,24
444,23,24
445,1,2
445,1,3
445,1,4
445,1,19
445,1,20
445,1,21
445,1,22
445,1,23
445,1,24
445,2,4
445,2,20
445,2,21
445,2,22
445,2,23
445,2,24
445,3,5
445,3,20
445,3,21
445,3,23
445,3,24
445,4,20
445,4,21
445,4,22
445,4,23
445,4,24
445,6,19
445,7,9
445,17,21
445,18,19
445,19,20
445,19,21
445,19,24
445,20,21
445,20,22
445,20,23
445,20,24
445,21,22
445,21,23
445,21,24
445,22,23
445,22,24
445,23,24
446,1,2
446,1,3
446,1,5
446,1,12
446,2,3
446,2,4
446,2,7
446,3,4
446,3,5
446,4,5
446,4,7
446,4,9
446,6,10
446,6,12
446,7,9
446,8,10
446,8,13
446,9,11
446,9,14
446,10,13
446,18,20
446,19,21
446,20,23
446,20,24
446,21,24
446,22,23
446,22,24
446,23,24
447,1,2
447,1,21
447,2,7
447,18,20
447,19,21
447,20,23
447,21,24
447,22,23
447,22,24
448,1,2
448,1,21
448,1,24
448,2,21
448,3,4
448,3,5
448,3,20
448,3,21
448,3,22
448,3,24
448,4,20
448,4,21
448,4,22
448,4,23
448,4,24
448,6,8
448,6,10
448,7,9
448,7,11
448,8,10
448,19,21
448,20,22
448,20,23
448,21,22
448,21,24
448,22,23
448,22,24
448,23,24
449,1,2
449,1,3
449,1,4
449,1,21
449,1,22
449,1,23
449,1,24
449,2,4
449,3,4
449,3,21
449,3,22
449,3,23
449,3,24
449,4,21
449,4,22
449,4,23
449,4,24
449,6,8
449,7,9
449,8,10
449,18,20
449,20,23
449,21,22
449,21,23
449,21,24
449,22,23
449,22,24
449,23,24
450,1,3
450,1,6
450,1,7
450,1,17
450,1,20
450,1,21
450,1,22
450,1,24
450,2,18
450,3,4
450,3,5
450,3,20
450,3,21
450,3,22
450,3,24
450,4,5
450,4,18
450,4,20
450,4,21
450,4,22
450,4,24
450,5,21
450,5,22
450,5,24
450,6,7
450,6,8
450,6,10
450,7,11
450,7,20
450,8,10
450,15,18
450,17,20
450,18,20
450,20,21
450,20,22
450,20,24
450,21,22
450,21,24
450,22,23
450,22,24
450,23,24
451,2,4
451,6,10
451,6,17
451,7,11
451,19,21
451,20,22
451,20,23
451,21,22
451,21,24
451,22,23
451,22,24
451,23,24
452,1,2
452,1,6
452,1,16
452,6,10
452,6,16
452,8,10
452,14,16
452,16,19
452,19,21
452,21,22
452,21,23
452,21,24
452,22,23
452,22,24
452,23,24
453,2,4
453,4,5
453,6,8
453,6,10
453,7,11
453,8,10
453,9,11
453,16,19
453,17,19
453,21,22
453,21,24
453,22,24
454,1,2
454,1,3
454,1,4
454,1,6
454,1,8
454,1,17
454,1,19
454,2,4
454,2,6
454,2,19
454,2,21
454,3,5
454,4,20
454,4,21
454,6,8
454,6,10
454,7,11
454,8,10
454,8,21
454,18,20
454,21,22
454,21,24
454,22,24
455,2,4
455,6,10
455,6,17
455,6,19
455,9,11
455,14,16
455,16,19
455,19,21
455,20,23
455,21,22
455,21,24
455,22,23
455,22,24
455,23,24
456,1,3
456,1,8
456,1,10
456,1,11
456,2,3
456,2,4
456,2,7
456,3,4
456,3,5
456,4,5
456,4,7
456,6,8
456,6,10
456,7,9
456,7,11
456,8,10
456,8,13
456,9,11
456,9,14
456,13,15
456,14,16
456,16,19
456,17,21
456,19,21
456,20,21
456,20,22
456,20,23
456,20,24
456,21,22
456,21,23
456,21,24
456,22,23
456,22,24
456,23,24
457,1,2
457,1,3
457,1,20
457,1,21
457,2,4
457,2,20
457,4,20
457,6,10
457,7,9
457,7,18
457,9,18
457,15,18
457,20,23
457,21,22
457,21,24
457,22,23
457,22,24
457,23,24
458,1,3
458,1,20
458,1,21
458,1,22
458,1,23
458,1,24
458,2,4
458,2,7
458,2,20
458,2,21
458,2,22
458,2,23
458,3,5
458,3,21
458,4,20
458,4,21
458,4,22
458,4,23
458,4,24
458,7,18
458,9,18
458,15,18
458,18,20
458,20,21
458,20,22
458,20,23
458,21,22
458,21,23
458,21,24
458,22,23
458,22,24
458,23,24
459,1,4
459,1,19
459,1,21
459,2,4
459,2,19
459,2,21
459,2,24
459,3,4
459,4,20
459,4,21
459,4,24
459,6,8
459,6,10
459,16,19
459,16,21
459,19,21
459,20,23
459,20,24
459,21,24
459,22,23
459,22,24
460,1,2
460,1,3
460,1,4
460,1,6
460,1,7
460,1,9
460,1,15
460,1,16
460,1,17
460,1,18
460,1,19
460,1,20
460,1,21
460,1,22
460,1,23
460,1,24
460,2,3
460,2,4
460,2,6
460,2,7
460,2,9
460,2,15
460,2,16
460,2,17
460,2,18
460,2,19
460,2,20
460,2,21
460,2,22
460,2,23
460,2,24
460,3,4
460,3,5
460,3,6
460,3,7
460,3,15
460,3,16
460,3,17
460,3,18
460,3,19
460,3,20
460,3,21
460,3,22
460,3,23
460,3,24
460,4,6
460,4,7
460,4,9
460,4,15
460,4,16
460,4,17
460,4,18
460,4,19
460,4,20
460,4,21
460,4,22
460,4,23
460,4,24
460,5,22
460,5,23
460,6,7
460,6,9
460,6,11
460,6,15
460,6,16
460,6,17
460,6,18
460,6,19
460,6,20
460,6,21
460,6,24
460,7,15
460,7,16
460,7,17
460,7,18
460,7,19
460,7,20
460,7,21
460,7,22
460,7,23
460,7,24
460,8,19
460,8,21
460,9,18
460,9,20
460,9,21
460,9,22
460,9,23
460,9,24
460,15,17
460,15,18
460,16,17
460,16,19
460,16,21
460,16,24
460,17,18
460,17,19
460,17,20
460,17,21
460,17,22
460,17,23
460,17,24
460,18,19
460,18,20
460,18,21
460,18,22
460,18,23
460,18,24
460,19,20
460,19,21
460,19,22
460,19,23
460,19,24
460,20,21
460,20,22
460,20,23
460,20,24
460,21,22
460,21,23
460,21,24
460,22,23
460,22,24
460,23,24
461,2,4
461,6,8
461,6,10
461,7,11
461,18,20
461,22,23
461,22,24
461,23,24
462,2,3
462,2,4
462,2,6
462,2,7
462,3,4
462,4,5
462,6,7
462,6,8
462,6,10
462,7,11
462,8,10
462,8,13
462,9,11
462,14,16
462,15,18
462,18,20
462,18,23
462,19,21
462,20,22
462,20,23
462,20,24
462,21,22
462,22,23
462,22,24
462,23,24
463,1,3
463,3,5
463,6,10
463,21,24
463,22,23
464,1,2
464,1,3
464,1,4
464,1,20
464,1,21
464,1,22
464,1,23
464,1,24
464,2,4
464,2,20
464,2,21
464,2,23
464,3,4
464,3,5
464,3,20
464,3,21
464,4,5
464,4,20
464,4,21
464,4,23
464,4,24
464,19,21
464,20,21
464,20,22
464,20,23
464,20,24
464,21,22
464,21,23
464,21,24
464,22,23
464,22,24
464,23,24
467,4,5
467,8,10
467,9,11
467,19,21
467,21,24
467,22,23
467,22,24
467,23,24
468,1,3
468,3,4
468,3,5
468,4,5
468,4,9
468,6,8
468,6,10
468,6,11
468,7,9
468,7,11
468,8,10
468,9,11
468,9,14
468,20,23
468,21,24
468,22,23
468,22,24
468,23,24
469,1,3
469,1,20
469,3,4
469,3,20
469,20,23
469,22,23
470,1,2
470,1,3
470,1,4
470,1,6
470,1,8
470,1,10
470,2,4
470,2,7
470,3,4
470,4,5
470,4,7
470,6,7
470,6,8
470,6,10
470,6,11
470,7,9
470,7,11
470,8,10
470,8,13
470,18,20
470,19,21
470,19,22
470,19,24
470,20,23
470,21,22
470,21,24
470,22,24
471,1,2
471,1,3
471,1,4
471,1,5
471,1,6
471,1,20
471,1,21
471,1,22
471,1,23
471,1,24
471,2,4
471,2,6
471,2,20
471,2,21
471,2,24
471,3,4
471,3,5
471,4,5
471,4,6
471,4,21
471,4,24
471,6,21
471,6,24
471,7,11
471,18,20
471,19,21
471,20,22
471,20,23
471,20,24
471,21,22
471,21,24
471,22,23
471,22,24
471,23,24
472,1,2
472,1,3
472,1,6
472,1,15
472,1,17
472,1,18
472,1,19
472,1,21
472,1,24
472,2,3
472,2,6
472,2,7
472,2,15
472,2,17
472,2,18
472,2,19
472,2,21
472,2,24
472,3,4
472,3,5
472,3,6
472,3,17
472,3,18
472,3,19
472,3,20
472,3,21
472,3,22
472,3,23
472,3,24
472,4,5
472,4,18
472,4,20
472,4,21
472,4,24
472,6,7
472,6,17
472,6,19
472,6,21
472,6,24
472,7,15
472,7,17
472,7,18
472,7,19
472,7,20
472,7,21
472,7,24
472,8,10
472,15,18
472,16,19
472,17,18
472,17,19
472,17,21
472,17,24
472,18,20
472,18,21
472,18,22
472,18,23
472,18,24
472,19,21
472,19,24
472,20,21
472,20,22
472,20,23
472,20,24
472,21,22
472,21,23
472,21,24
472,22,23
472,22,24
472,23,24
473,1,2
473,2,4
473,6,8
473,6,10
473,8,10
474,1,2
474,1,4
474,1,7
474,1,10
474,2,4
474,2,7
474,2,8
474,2,10
474,4,7
474,6,8
474,6,10
474,7,9
474,7,10
474,7,11
474,8,10
474,8,13
474,9,11
474,10,13
474,22,23
475,1,2
475,1,3
475,1,6
475,1,18
475,1,20
475,1,21
475,2,18
475,2,20
475,3,5
475,3,20
475,3,21
475,3,24
475,6,7
475,7,18
475,15,18
475,18,20
475,21,24
475,22,24
476,1,2
476,1,3
476,1,5
476,1,6
476,1,7
476,1,9
476,2,3
476,2,4
476,2,7
476,2,9
476,3,5
476,3,6
476,3,8
476,3,9
476,4,9
476,6,7
476,6,8
476,6,9
476,7,9
476,8,9
476,8,13
476,17,18
476,20,21
476,20,22
476,20,23
476,20,24
476,21,22
476,21,24
476,22,23
476,22,24
476,23,24
477,3,5
477,7,11
478,1,2
478,1,3
478,2,3
478,2,4
478,2,5
478,2,21
478,3,4
478,3,5
478,3,21
478,4,5
478,5,22
478,5,24
478,6,8
478,7,11
478,8,10
478,16,19
478,18,20
478,19,21
478,21,22
478,21,24
478,22,23
478,22,24
478,23,24
479,1,2
479,1,3
479,1,4
479,1,19
479,1,20
479,1,21
479,1,23
479,1,24
479,2,4
479,2,20
479,2,21
479,2,22
479,2,23
479,2,24
479,3,5
479,3,20
479,3,21
479,3,23
479,3,24
479,4,20
479,4,21
479,4,22
479,4,23
479,4,24
479,6,19
479,7,9
479,17,21
479,19,20
479,19,21
479,19,24
479,20,21
479,20,22
479,20,23
479,20,24
479,21,22
479,21,23
479,21,24
479,22,23
479,22,24
479,23,24
480,1,2
480,1,3
480,1,5
480,1,12
480,2,3
480,2,4
480,2,7
480,3,4
480,3,5
480,4,7
480,4,9
480,6,10
480,6,12
480,7,9
480,8,10
480,8,13
480,9,14
480,10,13
480,18,20
480,19,21
480,20,23
480,20,24
480,21,24
480,22,23
480,22,24
480,23,24
481,1,2
481,2,7
481,20,23
481,21,24
481,22,23
481,22,24
482,1,2
482,1,21
482,3,4
482,3,5
482,3,20
482,3,21
482,3,22
482,3,24
482,4,20
482,4,21
482,4,22
482,4,23
482,4,24
482,6,8
482,6,10
482,7,9
482,7,11
482,8,10
482,19,21
482,20,22
482,20,23
482,21,24
482,22,23
482,22,24
482,23,24
483,1,2
483,1,3
483,1,4
483,1,21
483,1,22
483,1,23
483,1,24
483,2,4
483,3,4
483,3,21
483,3,22
483,3,24
483,4,23
483,6,8
483,7,9
483,8,10
483,18,20
483,20,23
483,21,22
483,21,23
483,21,24
483,22,23
483,22,24
483,23,24
484,1,3
484,1,6
484,1,7
484,1,17
484,1,20
484,1,21
484,1,22
484,1,24
484,2,18
484,3,4
484,3,5
484,3,20
484,3,21
484,3,22
484,3,24
484,4,5
484,4,20
484,4,21
484,4,22
484,4,24
484,5,22
484,5,24
484,6,7
484,6,8
484,6,10
484,7,11
484,7,20
484,8,10
484,15,18
484,17,20
484,18,20
484,20,21
484,20,22
484,20,24
484,21,22
484,21,24
484,22,23
484,22,24
485,2,4
485,4,5
485,6,8
485,6,10
485,7,11
485,8,10
485,9,11
485,16,19
485,21,22
485,21,24
485,22,24
486,1,2
486,1,3
486,1,4
486,1,6
486,1,8
486,1,19
486,2,4
486,2,19
486,2,21
486,3,5
486,4,20
486,4,21
486,6,8
486,6,10
486,7,11
486,8,10
486,8,21
486,18,20
486,21,22
486,21,24
486,22,24
487,6,10
487,6,19
487,9,11
487,20,23
487,21,22
487,21,24
487,22,23
487,22,24
487,23,24
488,1,3
488,1,8
488,1,10
488,1,11
488,2,3
488,2,4
488,2,7
488,3,4
488,4,5
488,4,7
488,6,8
488,6,10
488,7,9
488,7,11
488,8,10
488,8,13
488,9,11
488,9,14
488,13,15
488,16,19
488,17,21
488,19,21
488,20,22
488,20,23
488,20,24
488,21,22
488,21,23
488,21,24
488,22,23
488,22,24
488,23,24
489,1,3
489,1,20
489,1,21
489,2,20
489,9,18
489,15,18
489,20,23
489,21,22
489,21,24
489,22,23
489,22,24
489,23,24
490,1,3
490,1,20
490,1,21
490,1,22
490,1,23
490,1,24
490,2,4
490,2,21
490,2,22
490,2,23
490,3,5
490,4,20
490,4,21
490,4,22
490,4,23
490,7,18
490,9,18
490,15,18
490,18,20
490,20,21
490,20,22
490,20,23
490,21,22
490,21,24
490,22,23
490,22,24
490,23,24
491,1,19
491,1,21
491,2,4
491,2,19
491,2,21
491,2,24
491,3,4
491,4,20
491,4,21
491,4,24
491,6,8
491,6,10
491,16,19
491,19,21
491,20,23
491,21,24
491,22,23
491,22,24
492,1,2
492,1,3
492,1,4
492,1,6
492,1,7
492,1,9
492,1,15
492,1,16
492,1,17
492,1,18
492,1,19
492,1,20
492,1,21
492,1,22
492,1,23
492,1,24
492,2,3
492,2,4
492,2,6
492,2,7
492,2,9
492,2,15
492,2,16
492,2,17
492,2,18
492,2,19
492,2,20
492,2,21
492,2,22
492,2,23
492,2,24
492,3,4
492,3,5
492,3,6
492,3,7
492,3,15
492,3,16
492,3,17
492,3,18
492,3,19
492,3,20
492,3,21
492,3,22
492,3,23
492,3,24
492,4,6
492,4,7
492,4,9
492,4,15
492,4,16
492,4,17
492,4,18
492,4,19
492,4,20
492,4,21
492,4,22
492,4,23
492,4,24
492,5,22
492,5,23
492,6,7
492,6,11
492,6,15
492,6,16
492,6,17
492,6,18
492,6,19
492,6,20
492,6,21
492,6,24
492,7,15
492,7,16
492,7,17
492,7,18
492,7,19
492,7,20
492,7,21
492,7,22
492,7,23
492,7,24
492,8,19
492,8,21
492,9,18
492,9,20
492,9,21
492,9,22
492,9,24
492,15,17
492,15,18
492,16,17
492,16,19
492,16,21
492,16,24
492,17,18
492,17,19
492,17,20
492,17,21
492,17,24
492,18,19
492,18,20
492,18,21
492,18,22
492,18,23
492,18,24
492,19,20
492,19,21
492,19,22
492,19,23
492,19,24
492,20,21
492,20,22
492,20,23
492,20,24
492,21,22
492,21,23
492,21,24
492,22,23
492,22,24
492,23,24
493,2,4
493,6,8
493,7,11
493,18,20
493,22,23
493,22,24
493,23,24
494,2,4
494,2,6
494,2,7
494,3,4
494,4,5
494,6,7
494,6,8
494,6,10
494,7,11
494,8,10
494,9,11
494,15,18
494,18,20
494,18,23
494,19,21
494,20,22
494,20,23
494,20,24
494,21,22
494,22,23
494,22,24
494,23,24
495,1,3
495,3,5
495,21,24
495,22,23
496,1,2
496,1,3
496,1,4
496,1,20
496,1,21
496,1,23
496,2,4
496,2,20
496,2,21
496,2,23
496,3,4
496,3,5
496,3,21
496,4,5
496,4,20
496,4,21
496,4,23
496,20,21
496,20,22
496,20,23
496,20,24
496,21,22
496,21,23
496,21,24
496,22,23
496,22,24
496,23,24
499,4,5
499,9,11
499,19,21
499,21,24
499,22,23
499,22,24
500,1,3
500,3,4
500,3,5
500,4,5
500,6,8
500,6,10
500,6,11
500,7,11
500,8,10
500,9,11
500,9,14
500,20,23
500,21,24
500,22,23
500,22,24
500,23,24
501,2,4
501,6,10
501,6,17
501,7,11
501,19,21
501,20,22
501,20,23
501,21,24
501,22,23
501,22,24
501,23,24
502,1,2
502,1,16
502,6,10
502,8,10
502,14,16
502,16,19
502,19,21
502,21,22
502,21,24
502,22,23
502,22,24
502,23,24
503,1,2
503,1,3
503,1,4
503,1,6
503,1,7
503,1,9
503,1,17
503,1,18
503,1,19
503,1,20
503,1,21
503,1,22
503,1,23
503,1,24
503,2,3
503,2,4
503,2,18
503,2,19
503,2,20
503,2,21
503,2,22
503,2,23
503,2,24
503,3,4
503,3,5
503,3,6
503,3,7
503,3,9
503,3,17
503,3,18
503,3,19
503,3,20
503,3,21
503,3,22
503,3,23
503,3,24
503,4,5
503,4,9
503,4,18
503,4,19
503,4,20
503,4,21
503,4,22
503,4,23
503,4,24
503,5,23
503,5,24
503,6,8
503,6,17
503,6,19
503,7,9
503,7,18
503,8,10
503,9,11
503,9,18
503,9,20
503,15,18
503,17,19
503,18,20
503,18,23
503,19,20
503,19,21
503,19,22
503,19,23
503,19,24
503,20,21
503,20,22
503,20,23
503,20,24
503,21,22
503,21,23
503,21,24
503,22,23
503,22,24
503,23,24
504,1,2
504,1,3
504,1,7
504,1,17
504,1,18
504,1,20
504,1,21
504,2,4
504,2,7
504,2,17
504,2,18
504,3,4
504,3,5
504,3,7
504,3,19
504,3,20
504,3,21
504,3,22
504,3,23
504,3,24
504,4,5
504,4,18
504,4,20
504,4,21
504,4,22
504,4,23
504,4,24
504,5,22
504,5,23
504,5,24
504,6,8
504,6,10
504,6,19
504,7,17
504,7,18
504,7,20
504,18,20
504,19,21
504,20,23
504,21,22
504,21,23
504,21,24
504,22,23
504,22,24
504,23,24
505,1,3
505,1,20
505,3,4
505,3,20
505,20,23
505,22,23
506,1,2
506,1,3
506,1,4
506,1,6
506,1,8
506,1,10
506,2,4
506,2,7
506,3,4
506,4,5
506,6,7
506,6,10
506,6,11
506,7,9
506,7,11
506,8,10
506,18,20
506,19,21
506,19,22
506,19,24
506,20,23
506,21,22
506,21,24
506,22,24
507,1,2
507,1,3
507,1,4
507,1,5
507,1,6
507,1,20
507,1,21
507,1,22
507,1,24
507,2,4
507,2,6
507,2,20
507,2,21
507,2,24
507,3,4
507,3,5
507,4,5
507,4,6
507,4,21
507,4,24
507,6,21
507,6,24
507,7,11
507,18,20
507,19,21
507,20,22
507,20,23
507,20,24
507,21,22
507,21,24
507,22,23
507,22,24
507,23,24
508,1,2
508,1,3
508,1,6
508,1,15
508,1,17
508,1,18
508,1,19
508,1,21
508,1,24
508,2,3
508,2,6
508,2,7
508,2,15
508,2,17
508,2,18
508,2,19
508,2,21
508,2,24
508,3,4
508,3,5
508,3,17
508,3,18
508,3,19
508,3,20
508,3,21
508,3,22
508,3,23
508,3,24
508,4,5
508,4,18
508,4,20
508,4,21
508,4,24
508,6,17
508,6,19
508,6,21
508,6,24
508,7,15
508,7,17
508,7,18
508,7,19
508,7,20
508,7,21
508,7,24
508,8,10
508,15,18
508,16,19
508,17,19
508,17,21
508,17,24
508,18,20
508,18,21
508,18,22
508,18,23
508,18,24
508,19,21
508,19,24
508,20,21
508,20,22
508,20,23
508,20,24
508,21,22
508,21,23
508,21,24
508,22,23
508,22,24
508,23,24
509,2,4
509,6,10
509,8,10
510,1,2
510,1,4
510,1,7
510,2,4
510,2,7
510,4,7
510,6,8
510,6,10
510,7,9
510,7,10
510,7,11
510,8,10
510,8,13
510,9,11
510,10,13
510,22,23
511,1,2
511,1,3
511,1,4
511,1,6
511,1,7
511,1,9
511,1,17
511,1,18
511,1,19
511,1,20
511,1,21
511,1,22
511,1,23
511,1,24
511,2,3
511,2,4
511,2,18
511,2,19
511,2,20
511,2,21
511,2,22
511,2,23
511,2,24
511,3,4
511,3,5
511,3,7
511,3,9
511,3,17
511,3,18
511,3,19
511,3,20
511,3,21
511,3,22
511,3,23
511,3,24
511,4,5
511,4,9
511,4,18
511,4,19
511,4,20
511,4,22
511,4,23
511,4,24
511,5,23
511,6,8
511,6,17
511,6,19
511,7,9
511,7,18
511,8,10
511,9,11
511,9,18
511,9,20
511,15,18
511,17,19
511,18,20
511,18,23
511,19,20
511,19,21
511,19,22
511,19,23
511,19,24
511,20,22
511,20,23
511,20,24
511,21,22
511,21,23
511,21,24
511,22,23
511,22,24
511,23,24
512,1,2
512,1,3
512,1,7
512,1,17
512,1,18
512,1,21
512,2,4
512,2,17
512,3,4
512,3,5
512,3,7
512,3,20
512,3,21
512,3,22
512,3,23
512,3,24
512,4,5
512,4,20
512,4,22
512,4,23
512,4,24
512,5,22
512,5,23
512,5,24
512,6,8
512,6,10
512,7,17
512,7,18
512,7,20
512,18,20
512,20,23
512,21,22
512,21,24
512,22,23
512,22,24
512,23,24
513,1,2
513,1,3
513,1,6
513,1,20
513,1,21
513,2,20
513,3,5
513,3,20
513,3,21
513,3,24
513,6,7
513,7,18
513,15,18
513,18,20
513,21,24
513,22,24
514,1,2
514,1,3
514,1,5
514,1,6
514,1,7
514,1,9
514,2,4
514,2,7
514,2,9
514,3,5
514,3,6
514,3,8
514,3,9
514,4,9
514,6,7
514,6,8
514,6,9
514,7,9
514,8,9
514,8,13
514,20,21
514,20,22
514,20,23
514,20,24
514,21,22
514,21,24
514,22,24
514,23,24
515,3,5
515,7,11
516,1,2
516,1,3
516,2,3
516,2,4
516,2,5
516,3,4
516,3,5
516,4,5
516,5,22
516,6,8
516,7,11
516,8,10
516,18,20
516,19,21
516,21,22
516,21,24
516,22,23
516,22,24
516,23,24
517,1,2
517,1,3
517,1,4
517,1,20
517,1,21
517,1,23
517,1,24
517,2,4
517,2,20
517,2,21
517,2,22
517,2,23
517,2,24
517,3,5
517,3,20
517,3,21
517,3,24
517,4,20
517,4,21
517,4,22
517,4,23
517,4,24
517,6,19
517,7,9
517,19,20
517,19,21
517,19,24
517,20,21
517,20,22
517,20,23
517,20,24
517,21,22
517,21,23
517,21,24
517,22,23
517,22,24
517,23,24
518,1,2
518,1,3
518,1,5
518,2,4
518,2,7
518,3,4
518,3,5
518,4,7
518,4,9
518,6,10
518,6,12
518,7,9
518,8,10
518,8,13
518,9,14
518,18,20
518,19,21
518,20,23
518,21,24
518,22,23
518,22,24
518,23,24
519,1,2
519,20,23
519,21,24
519,22,23
519,22,24
520,1,2
520,1,21
520,3,4
520,3,5
520,3,21
520,3,24
520,4,20
520,4,21
520,4,22
520,4,24
520,6,8
520,6,10
520,7,9
520,7,11
520,8,10
520,19,21
520,20,22
520,20,23
520,21,24
520,22,23
520,22,24
520,23,24
521,1,2
521,1,3
521,1,4
521,2,4
521,3,4
521,3,21
521,3,22
521,3,24
521,4,23
521,6,8
521,7,9
521,8,10
521,18,20
521,20,23
521,21,22
521,21,23
521,21,24
521,22,23
521,22,24
521,23,24
522,1,3
522,1,6
522,1,7
522,1,17
522,1,20
522,1,21
522,1,24
522,3,4
522,3,5
522,3,20
522,3,21
522,3,22
522,3,24
522,4,5
522,4,20
522,4,21
522,4,22
522,4,24
522,5,22
522,6,7
522,6,8
522,6,10
522,7,11
522,7,20
522,8,10
522,15,18
522,17,20
522,20,21
522,20,22
522,20,24
522,21,22
522,21,24
522,22,23
522,22,24
523,6,10
523,19,21
523,20,22
523,20,23
523,21,24
523,22,23
523,22,24
523,23,24
524,1,2
524,6,10
524,8,10
524,16,19
524,19,21
524,21,22
524,21,24
524,22,23
524,22,24
524,23,24
525,4,5
525,6,8
525,6,10
525,7,11
525,8,10
525,9,11
525,21,22
525,21,24
525,22,24
526,1,2
526,1,3
526,1,4
526,1,6
526,1,8
526,1,19
526,2,19
526,2,21
526,3,5
526,4,20
526,6,8
526,6,10
526,7,11
526,8,10
526,18,20
526,21,22
526,21,24
526,22,24
527,6,10
527,6,19
527,9,11
527,20,23
527,21,22
527,21,24
527,22,23
527,22,24
527,23,24
528,1,3
528,1,8
528,1,10
528,1,11
528,2,3
528,2,4
528,3,4
528,4,5
528,4,7
528,6,8
528,6,10
528,7,9
528,7,11
528,8,10
528,8,13
528,9,11
528,9,14
528,16,19
528,17,21
528,19,21
528,20,22
528,20,23
528,21,22
528,21,23
528,21,24
528,22,23
528,22,24
528,23,24
529,1,20
529,1,21
529,2,20
529,15,18
529,20,23
529,21,24
529,22,23
529,22,24
529,23,24
530,1,3
530,1,20
530,1,21
530,1,22
530,1,23
530,1,24
530,2,4
530,2,21
530,4,20
530,4,21
530,9,18
530,15,18
530,18,20
530,20,21
530,20,22
530,20,23
530,21,22
530,21,24
530,22,23
530,22,24
530,23,24
531,1,19
531,1,21
531,2,4
531,2,21
531,3,4
531,4,20
531,4,21
531,4,24
531,6,8
531,6,10
531,16,19
531,19,21
531,20,23
531,21,24
531,22,23
531,22,24
532,1,2
532,1,3
532,1,4
532,1,6
532,1,7
532,1,15
532,1,16
532,1,17
532,1,18
532,1,19
532,1,20
532,1,21
532,1,22
532,1,23
532,1,24
532,2,3
532,2,4
532,2,6
532,2,7
532,2,9
532,2,15
532,2,16
532,2,17
532,2,18
532,2,19
532,2,20
532,2,21
532,2,22
532,2,23
532,2,24
532,3,4
532,3,5
532,3,6
532,3,7
532,3,16
532,3,17
532,3,18
532,3,19
532,3,20
532,3,21
532,3,22
532,3,23
532,3,24
532,4,6
532,4,7
532,4,16
532,4,17
532,4,18
532,4,19
532,4,20
532,4,21
532,4,22
532,4,23
532,4,24
532,5,22
532,5,23
532,6,7
532,6,11
532,6,16
532,6,17
532,6,18
532,6,19
532,6,20
532,6,21
532,6,24
532,7,15
532,7,16
532,7,17
532,7,18
532,7,19
532,7,20
532,7,21
532,7,22
532,7,24
532,9,18
532,9,20
532,9,21
532,9,24
532,15,17
532,15,18
532,16,17
532,16,19
532,16,21
532,16,24
532,17,18
532,17,19
532,17,20
532,17,21
532,17,24
532,18,19
532,18,20
532,18,21
532,18,22
532,18,23
532,18,24
532,19,20
532,19,21
532,19,22
532,19,23
532,19,24
532,20,21
532,20,22
532,20,23
532,20,24
532,21,22
532,21,23
532,21,24
532,22,23
532,22,24
532,23,24
533,2,4
533,6,8
533,7,11
533,18,20
533,22,23
533,22,24
533,23,24
534,2,4
534,2,6
534,2,7
534,4,5
534,6,7
534,6,8
534,6,10
534,7,11
534,8,10
534,9,11
534,15,18
534,18,20
534,18,23
534,19,21
534,20,22
534,20,23
534,21,22
534,22,23
534,22,24
534,23,24
535,1,3
535,3,5
535,21,24
536,1,2
536,1,3
536,1,4
536,1,20
536,1,21
536,1,23
536,2,4
536,2,20
536,2,23
536,3,4
536,3,5
536,3,21
536,4,5
536,4,20
536,4,21
536,4,23
536,20,22
536,20,23
536,21,22
536,21,24
536,22,23
536,22,24
536,23,24
539,9,11
539,21,24
539,22,23
539,22,24
540,3,4
540,4,5
540,6,8
540,6,10
540,6,11
540,7,11
540,8,10
540,9,11
540,21,24
540,22,23
540,22,24
540,23,24
